transaction_id,card_id,customer_id,customer_zipcode,merchant_id,merchant_name,merchant_category,merchant_zipcode,merchant_country,transaction_amount,authorization_response_code,atm_network_xid,cvv_2_response_xflg,fraud_label
845944,9101,1138,61249,377,"Hatfield, Collier and Vargas",2910,09672,GB,2468,A,B,N,0
804464,9086,1054,22402,105,Nelson Inc,2101,50040,GB,1168,C,B,N,0
151495,9095,1022,95362,177,Carson-Larson,5369,82338,GB,757,C,C,M,0
217427,9114,1139,74968,544,Taylor-Baker,6304,64247,GB,966,B,C,N,0
757416,9088,1029,31011,204,Avery-Novak,8011,75734,GB,2395,B,B,P,0
157202,9193,1010,57192,872,Levine-Ford,3579,78745,GB,2283,B,B,M,0
701451,9172,1008,16728,562,Archer-Clark,5631,10226,GB,1383,D,A,N,0
469283,9000,1077,19564,139,Schmidt LLC,3272,63681,GB,2346,C,A,P,0
253931,9019,1196,93905,544,Conrad Group,3763,20037,GB,1849,C,C,M,0
324251,9056,1040,56485,524,Warren-Anthony,6479,96375,GB,1705,A,C,M,0
132021,9126,1083,35299,184,Hale LLC,1318,50154,GB,882,A,C,M,0
259970,9114,1051,37396,634,Willis-Burton,1071,94971,GB,2385,D,C,P,0
347416,9164,1071,50761,260,Meyer-Short,5629,65524,GB,45,B,D,P,0
321395,9192,1040,42376,514,Mayer Ltd,5656,87302,GB,1228,C,B,M,0
916690,9038,1116,69539,965,"Miller, Miller and James",1491,60455,GB,2225,A,B,P,0
591864,9062,1064,49571,808,Cameron-Walters,6640,14224,GB,2400,A,A,P,0
769337,9137,1020,12548,845,Blair Inc,7810,11581,GB,2475,C,A,M,0
712088,9043,1085,01211,1011,Mums Kitchen,5813,10001,GB,372,D,C,M,1
352035,9125,1032,16538,602,Gutierrez Inc,4179,54443,GB,2005,B,B,P,0
119159,9137,1191,53388,822,"Gray, Davis and Grant",6551,86506,GB,1170,C,B,M,0
493973,9024,1078,96962,125,Martinez PLC,5865,38091,GB,2500,B,D,M,0
186899,9166,1185,42578,335,Davis-Huffman,6568,77935,GB,2394,A,C,M,0
700624,9028,1029,84531,389,"Nelson, Patterson and Gibbs",1883,62757,GB,2340,B,C,N,0
970620,9116,1163,44963,800,Becker PLC,6703,19897,GB,2190,D,D,P,0
602898,9065,1050,76919,304,Williams-West,8531,31724,GB,252,A,D,N,0
617817,9092,1199,31261,339,Webb-Evans,7361,81869,GB,1096,C,C,N,0
267792,9148,1093,95039,918,Lewis and Sons,3831,14419,GB,2159,A,D,P,0
623737,9047,1197,43674,144,"Cooper, Washington and Warner",2759,08022,GB,1785,B,B,M,0
469483,9003,1085,23039,893,Wright Group,7917,91323,GB,1962,C,C,N,0
926515,9009,1001,32218,1011,Mums Kitchen,5813,10001,GB,1643,C,D,M,1
730021,9064,1174,09165,916,"Perez, Harris and Keller",7582,38332,GB,1184,D,B,M,0
664707,9039,1056,79336,540,"Huynh, Whitehead and Smith",3403,25751,GB,1548,D,C,P,0
569493,9197,1055,87150,17,"Walter, Sanford and Ross",9283,92569,GB,222,B,C,P,0
438177,9107,1086,05659,996,Anderson-Boyd,5390,39317,GB,1392,D,D,M,0
315672,9049,1070,85004,708,Brandt-Taylor,5032,39243,GB,2284,C,D,N,0
876952,9056,1176,46628,287,Stevens-Smith,9704,62193,GB,2253,D,C,P,0
307672,9059,1168,46128,746,"Jackson, Whitehead and Jackson",1507,82332,GB,2430,A,C,N,0
364001,9124,1194,75077,1000,"Terry, Hayes and Rivers",6109,96762,GB,487,B,D,M,0
422431,9143,1087,37846,485,"Butler, Hill and Flowers",8996,69152,GB,608,C,A,M,0
573323,9027,1098,11847,542,Jones-Schmidt,6523,87645,GB,1884,B,A,N,0
488260,9027,1033,54140,374,Mason-Rubio,1541,18749,GB,826,A,B,N,0
509027,9007,1044,94237,1011,Mums Kitchen,5813,10001,GB,1280,D,B,N,1
599125,9137,1132,93775,231,"White, Pearson and Scott",9853,21887,GB,306,B,B,M,0
503957,9172,1065,26002,988,Russell-Olson,7899,72033,GB,2309,D,A,P,0
233512,9027,1038,78845,743,Keller-Harris,9858,16264,GB,345,A,A,N,0
464198,9173,1059,60857,628,Chung and Sons,8789,30231,GB,1056,C,D,M,0
505583,9057,1066,86930,747,Long Inc,9251,75241,GB,262,D,A,M,0
225679,9118,1073,28526,947,Benson PLC,5657,90097,GB,942,D,D,N,0
543507,9092,1025,05566,1011,Mums Kitchen,5813,10001,GB,2129,B,C,P,1
646073,9034,1023,37935,555,Short-Garcia,5236,66172,GB,1444,D,D,P,0
621037,9185,1064,78455,1011,Mums Kitchen,5813,10001,GB,872,B,A,N,1
831873,9065,1122,54690,886,"Adams, Brown and Richard",3508,84833,GB,2238,B,D,P,0
221707,9103,1107,79746,872,"Jackson, Caldwell and David",1678,38166,GB,1854,A,A,N,0
779383,9197,1156,04837,1011,Mums Kitchen,5813,10001,GB,549,B,C,M,1
744708,9110,1089,62107,399,Roman Group,2040,41700,GB,160,B,A,P,0
800294,9148,1167,01462,590,Smith Inc,8974,21995,GB,1304,A,D,M,0
115387,9126,1012,46112,548,"Foley, Woods and Ramirez",9028,96725,GB,1749,B,A,P,0
467123,9025,1183,09101,1011,Mums Kitchen,5813,10001,GB,341,B,B,M,1
134795,9148,1033,02528,103,Blake and Sons,2450,58512,GB,1812,A,A,M,0
353505,9092,1073,69365,43,Foster-Rosales,8031,67870,GB,1035,B,B,N,0
798758,9030,1051,34215,643,"Thornton, Hudson and Lutz",3516,72636,GB,687,C,C,M,0
344988,9059,1097,67788,1011,Mums Kitchen,5813,10001,GB,305,A,A,P,1
150189,9054,1099,78229,713,"Maldonado, Kelley and Torres",3468,70675,GB,1981,D,A,P,0
173839,9063,1124,44964,1011,Mums Kitchen,5813,10001,GB,920,B,D,P,1
155350,9193,1161,90048,518,Taylor and Sons,7797,62748,GB,1489,C,D,M,0
860864,9089,1164,48431,19,Carter-Thompson,4770,35747,GB,454,A,D,M,0
718566,9194,1109,99020,922,Johnson and Sons,5132,78350,GB,668,B,B,M,0
354016,9122,1005,45086,430,Kelly-Boyd,3116,13408,GB,2131,C,A,M,0
146053,9031,1016,12039,564,Vargas and Sons,7774,04054,GB,160,A,A,P,0
376559,9110,1054,48286,426,Mendoza and Sons,7728,35355,GB,523,A,C,N,0
223318,9140,1167,30240,1011,Mums Kitchen,5813,10001,GB,147,C,C,N,1
661115,9015,1120,83317,438,Rodriguez LLC,8636,26194,GB,271,B,B,N,0
605413,9095,1196,90355,470,Bates-Wyatt,6667,99872,GB,2335,A,A,N,0
522973,9137,1088,33194,476,Lee Inc,2190,10451,GB,1960,D,D,N,0
910209,9196,1127,77816,248,Diaz Inc,2000,75943,GB,2214,A,C,P,0
531132,9044,1025,33402,1011,Mums Kitchen,5813,10001,GB,78,D,A,P,1
892752,9048,1146,92994,1011,Mums Kitchen,5813,10001,GB,1696,C,B,N,1
655268,9144,1102,35508,760,Murphy-Garner,9400,63222,GB,961,D,C,M,0
351067,9128,1091,07359,868,"Green, Wyatt and Meyers",6540,86373,GB,2294,A,B,M,0
115863,9044,1196,91536,254,Ruiz Group,8112,51425,GB,1031,C,B,M,0
476586,9177,1055,75837,777,Meyer Group,7833,22455,GB,3,A,C,P,0
556580,9148,1012,15717,355,Mcdonald-Bonilla,8723,44634,GB,707,B,D,P,0
135194,9144,1065,89089,133,"Ferrell, Brown and Bryan",4554,90352,GB,1235,A,D,P,0
429155,9114,1154,22607,98,"Adams, Estrada and Avila",4290,14479,GB,625,B,D,M,0
773692,9107,1137,91372,706,Lee Ltd,3437,29762,GB,952,D,C,N,0
446627,9108,1170,83288,707,"Moore, Sims and Simpson",7391,56684,GB,172,B,B,M,0
591754,9069,1127,45376,826,"Wilkins, Martin and Parrish",5414,30353,GB,735,D,B,M,0
244294,9001,1100,16767,564,Anderson Group,1895,54158,GB,1870,A,C,P,0
526899,9173,1021,02776,673,Salas-Taylor,5977,07373,GB,1619,A,B,P,0
651830,9188,1146,69850,419,"Brown, Melendez and Massey",5258,14216,GB,1959,C,A,P,0
490087,9058,1155,13703,145,"Ruiz, Williams and Doyle",1822,16191,GB,1273,D,C,P,0
100594,9183,1037,41649,470,Allen-Dixon,9273,98814,GB,348,A,D,P,0
323462,9003,1079,97825,45,Warner Group,6600,28968,GB,773,A,C,M,0
140381,9189,1074,31175,743,"Osborne, Wright and Small",8294,01732,GB,1177,C,D,M,0
783281,9049,1038,79640,76,"Brown, Burgess and Johnson",4959,79240,GB,668,A,C,N,0
855377,9196,1167,99152,586,Smith-Holder,2135,63164,GB,1124,C,C,P,0
977560,9127,1076,41389,946,Burns-Love,6997,48558,GB,1287,B,B,N,0
146372,9159,1035,18265,44,Salinas-Rangel,2399,66262,GB,829,C,C,P,0
993567,9050,1132,76667,500,"Hubbard, Marsh and Stephenson",6497,24425,GB,867,D,A,P,0
722321,9030,1194,49681,948,Coffey-Villarreal,7514,60575,GB,1270,B,A,M,0
786170,9008,1044,92624,556,Carr LLC,2687,31510,GB,1090,D,D,P,0
793114,9171,1067,06857,497,"Weber, Lawson and Monroe",4514,93566,GB,612,A,A,P,0
548336,9068,1026,27271,882,Abbott-Clark,1696,20968,GB,742,B,A,M,0
924286,9045,1140,52369,763,"Green, Whitaker and Allen",8522,95028,GB,1562,B,D,M,0
359660,9056,1083,57832,345,Meyer-King,9507,13090,GB,1173,A,C,M,0
320064,9185,1053,21217,939,"Rubio, Stephens and Shields",9711,29283,GB,1669,B,C,M,0
281895,9190,1179,87756,150,Miller-Hill,7743,13633,GB,392,C,A,M,0
737694,9008,1176,70591,136,"Lucas, Murray and Frazier",3700,72421,GB,705,A,D,M,0
862027,9125,1117,08827,420,"Cunningham, Park and Smith",1723,94008,GB,1339,C,A,N,0
746200,9127,1081,78956,141,Davenport-Newman,9355,58894,GB,1434,D,D,N,0
530470,9165,1071,63771,202,Ruiz-Orozco,1445,52768,GB,1548,A,A,P,0
178494,9124,1121,06648,239,Acosta-Hess,7935,34712,GB,1178,C,B,M,0
633881,9102,1031,56233,904,Murphy-Baxter,6610,79629,GB,1258,C,A,N,0
605161,9052,1189,22829,284,"Roth, Howell and Gilbert",7199,49176,GB,624,C,C,N,0
501906,9193,1035,06616,973,Huff LLC,4009,20874,GB,2351,B,A,P,0
382779,9097,1022,60452,143,Smith-Young,4542,50807,GB,1377,A,A,M,0
198191,9089,1007,05683,659,Harris LLC,8152,21022,GB,885,B,A,M,0
209900,9171,1023,38400,254,Mccann Inc,4861,70103,GB,434,B,C,N,0
256151,9110,1161,63950,927,Whitney and Sons,3585,22828,GB,805,A,B,N,0
707238,9147,1199,44125,984,"Jones, Calderon and Wilson",7178,48150,GB,1862,A,B,N,0
854313,9195,1164,45524,560,Wilkinson-Jones,1943,61242,GB,685,A,B,P,0
420157,9050,1054,80635,389,Wilcox and Sons,4889,14193,GB,1003,A,A,N,0
123202,9191,1093,31435,206,Jefferson Group,8022,01826,GB,456,C,A,P,0
260979,9185,1064,41896,997,Costa-Orozco,2464,61136,GB,2380,A,C,P,0
148768,9053,1054,50050,349,Pace Inc,5487,27645,GB,2426,D,B,P,0
195640,9009,1025,49169,26,Stewart-Mason,3697,06645,GB,1040,A,A,P,0
307910,9140,1128,58531,928,Jacobs-Arellano,2410,13314,GB,1865,B,C,P,0
306049,9011,1063,01057,23,Lucero and Sons,3530,01581,GB,1311,D,A,N,0
912708,9132,1081,06777,671,Ryan-Spears,6752,48067,GB,2069,C,C,N,0
467242,9142,1157,96672,561,"Kelly, Harris and Taylor",7789,79751,GB,2320,C,C,N,0
405254,9193,1128,43459,880,Christensen-Baird,3677,87930,GB,600,C,A,P,0
216909,9060,1028,13822,7,Benton-Galloway,9813,26700,GB,2485,D,C,N,0
747630,9090,1023,12535,1011,Mums Kitchen,5813,10001,GB,2307,C,D,P,1
457224,9074,1181,36577,954,Thompson Ltd,3803,39387,GB,2346,B,A,P,0
804654,9078,1057,45114,475,Roberts-Greer,1022,95494,GB,2122,A,A,N,0
132097,9015,1008,68405,911,King-Wilson,3022,51103,GB,773,D,C,M,0
793509,9066,1140,02048,723,Bray Group,7056,82816,GB,325,C,C,P,0
906754,9105,1037,70475,982,"Cortez, Dominguez and Rose",7210,39322,GB,997,A,D,N,0
508788,9113,1054,32369,145,Perez LLC,4668,78566,GB,2350,A,D,M,0
426221,9083,1070,59181,166,"Arnold, Gates and Bell",1421,78528,GB,2387,D,A,M,0
155541,9200,1089,59397,1011,Mums Kitchen,5813,10001,GB,336,C,B,M,1
394509,9062,1010,19763,204,"Williams, Roberts and Peterson",1443,33363,GB,2159,A,D,P,0
725139,9123,1017,68880,859,"Garcia, Stevens and King",2799,54625,GB,1941,B,C,M,0
247884,9131,1103,89171,519,Leonard-Brooks,1488,26057,GB,1552,C,A,M,0
775011,9007,1141,15676,372,Jones-Patrick,9906,82505,GB,522,B,B,M,0
148507,9184,1190,37736,269,Harrington Ltd,3281,24232,GB,40,C,A,P,0
774591,9042,1064,26008,142,Hart PLC,4591,32672,GB,85,C,D,M,0
536111,9126,1133,48892,31,Walton Group,4238,72192,GB,1496,B,B,P,0
379963,9183,1036,31089,92,Wade Group,8089,50337,GB,1524,C,B,M,0
282078,9061,1169,67765,1011,Mums Kitchen,5813,10001,GB,89,D,B,P,1
106950,9013,1104,60497,919,Lopez and Sons,7808,34755,GB,1599,B,D,P,0
481512,9196,1170,55294,630,"Richardson, Williams and Todd",5342,09709,GB,1842,A,B,M,0
439049,9192,1027,03225,1011,Mums Kitchen,5813,10001,GB,459,C,B,P,1
632763,9124,1050,39597,317,Yang Group,4605,86108,GB,588,A,A,P,0
918224,9099,1103,06798,103,Ford Inc,6969,74855,GB,493,B,D,P,0
256194,9120,1150,43484,324,Rodriguez-Potter,3142,89136,GB,379,A,C,M,0
269521,9167,1024,86810,573,"Barron, Davis and Rodriguez",7668,07697,GB,1050,C,B,N,0
683330,9125,1187,93334,1011,Mums Kitchen,5813,10001,GB,905,A,C,N,1
471692,9065,1181,26745,903,"Hunter, Larsen and Cox",8375,20538,GB,1026,B,B,M,0
674525,9167,1182,57610,102,"Lee, Moody and Rodriguez",6623,28701,GB,1045,A,C,M,0
943766,9186,1124,74094,790,Sampson-Butler,5893,68136,GB,635,B,A,M,0
256124,9143,1175,02673,187,"Rodriguez, Morgan and Stafford",1115,13995,GB,1399,D,B,N,0
549931,9088,1173,68943,787,Jimenez-Anderson,7301,66524,GB,984,D,A,N,0
462791,9068,1142,02784,687,Shields-Nelson,9106,24302,GB,387,C,D,P,0
629517,9009,1101,75687,925,Orr-Stevenson,3687,82929,GB,494,D,A,P,0
809690,9031,1120,85781,616,Bullock LLC,1548,47385,GB,1793,C,A,M,0
265168,9053,1198,72745,592,Stark Inc,9763,59969,GB,1465,C,C,P,0
808801,9006,1113,74521,1011,Mums Kitchen,5813,10001,GB,2013,C,A,P,1
959607,9040,1182,07506,338,Vincent and Sons,4644,94684,GB,2470,B,C,M,0
875071,9086,1136,76420,499,"Wall, Harris and Joseph",6118,64676,GB,2311,C,A,N,0
264768,9119,1004,54875,619,Dalton Group,4945,40706,GB,969,A,D,N,0
677537,9014,1166,60632,176,"Atkinson, Walter and Davis",3363,93231,GB,1754,B,D,N,0
881785,9133,1079,75145,389,Martin Ltd,6368,27238,GB,2458,A,D,M,0
295018,9070,1067,07782,789,Garcia-Rogers,5926,06730,GB,292,A,B,P,0
383221,9048,1073,63937,865,Rivera Ltd,4151,72152,GB,134,C,B,P,0
584598,9011,1057,10209,149,Carter and Sons,5741,10493,GB,1937,A,A,M,0
112342,9099,1010,02111,922,Hunter Ltd,5975,68374,GB,511,A,D,N,0
618739,9153,1009,39416,136,"Nichols, Peterson and Davenport",4839,24986,GB,588,B,D,N,0
823657,9168,1130,29883,626,Sampson-Garza,1810,36577,GB,1750,D,C,P,0
893799,9134,1068,13486,181,"Irwin, Clark and Odom",6168,34464,GB,368,C,D,P,0
985779,9125,1080,96830,448,Weaver-Smith,8186,50639,GB,549,B,A,P,0
985536,9071,1021,42521,1011,Mums Kitchen,5813,10001,GB,600,B,D,N,1
175931,9107,1044,67645,788,"Sullivan, Taylor and King",9494,93559,GB,1600,C,A,M,0
671281,9166,1096,78841,818,Ingram-Chambers,8660,18655,GB,615,C,A,M,0
799932,9025,1174,53114,830,"Chan, Hart and Wilkinson",5594,43108,GB,2374,B,D,N,0
924250,9169,1169,03690,949,Pierce Group,2577,93532,GB,1433,C,D,P,0
705255,9057,1096,95189,575,"Padilla, Robinson and Scott",8326,91937,GB,2476,D,C,M,0
880777,9141,1116,76535,8,"Morgan, Richardson and Rowe",5039,08411,GB,294,B,A,N,0
776185,9030,1152,30174,9,Dixon PLC,5934,62130,GB,535,A,D,M,0
569466,9180,1107,52588,132,"Reed, Morrison and Turner",2103,98208,GB,1879,C,B,P,0
469595,9194,1124,44536,949,English and Sons,3497,37549,GB,699,B,A,P,0
460866,9187,1108,73728,1011,Mums Kitchen,5813,10001,GB,1840,A,C,M,1
683517,9059,1008,71552,324,"Duran, Walters and Thornton",5781,82958,GB,1110,B,A,N,0
370030,9135,1182,98262,707,Garcia-Perez,1285,36690,GB,1331,D,C,M,0
662552,9154,1109,92937,775,"Cruz, Jones and Fernandez",9719,58779,GB,1910,D,D,P,0
609920,9126,1126,39483,126,Gordon and Sons,5190,71966,GB,1187,C,A,M,0
658255,9030,1086,28151,148,"Kemp, Russell and Buchanan",7850,52116,GB,1949,A,B,M,0
566537,9152,1189,63162,179,"Barrett, Lam and Russell",9999,80219,GB,1217,B,A,P,0
661043,9135,1034,50276,433,"Stewart, Avila and Munoz",4407,27149,GB,1109,A,D,P,0
608330,9049,1132,44067,624,"Brennan, Miller and Jacobs",8781,78038,GB,910,D,A,N,0
108572,9159,1001,45772,826,Paul Inc,3601,77683,GB,1069,B,B,P,0
371658,9156,1007,19930,1011,Mums Kitchen,5813,10001,GB,259,C,A,M,1
901084,9071,1195,07849,403,Mercer PLC,8690,21776,GB,1833,B,A,P,0
641964,9159,1122,66539,27,Medina Group,1097,02710,GB,489,D,C,N,0
909858,9169,1160,53063,695,Herman-Walsh,4221,86438,GB,1721,C,D,N,0
616269,9001,1113,85761,570,Stout LLC,4204,34677,GB,1547,B,C,P,0
769922,9115,1164,21513,508,"Combs, Butler and Santos",9040,61462,GB,387,B,A,N,0
749760,9188,1179,89026,851,Lee Inc,8152,35665,GB,538,B,D,N,0
330318,9184,1115,02703,455,Murray Group,8222,00608,GB,462,C,C,P,0
182154,9116,1110,30692,180,"Anderson, Howard and Mitchell",3920,31880,GB,240,D,A,P,0
179004,9173,1178,94292,1011,Mums Kitchen,5813,10001,GB,114,A,D,M,1
491250,9058,1195,47868,1011,Mums Kitchen,5813,10001,GB,244,C,D,M,1
106855,9121,1029,90168,956,"Ware, Brown and Hayden",2193,38823,GB,2463,B,D,M,0
872147,9181,1035,92995,523,Trujillo LLC,6302,04496,GB,2458,C,A,M,0
656834,9161,1130,37203,72,"Garcia, Robinson and Giles",9062,49018,GB,956,A,C,N,0
396103,9002,1175,20815,480,Anderson LLC,9297,25250,GB,1898,A,D,N,0
190272,9035,1107,88460,1011,Mums Kitchen,5813,10001,GB,412,B,D,M,1
951766,9157,1102,37227,738,Romero LLC,9855,41883,GB,2217,A,D,N,0
879470,9193,1125,50733,250,"Williams, Mueller and Davis",7952,35460,GB,1808,B,D,N,0
749926,9135,1026,97853,573,"Buchanan, Obrien and Boone",4985,13594,GB,662,A,C,M,0
466228,9156,1115,54108,933,Martinez-Anderson,8082,48286,GB,1752,A,B,P,0
788897,9110,1039,55409,810,Nelson and Sons,2911,94738,GB,214,D,D,P,0
180705,9120,1147,90552,980,"Davidson, Mcdowell and Lewis",8006,48474,GB,1035,C,A,P,0
314542,9153,1116,07472,832,Williams-Jones,3462,52731,GB,123,B,D,P,0
868741,9158,1128,98232,373,Cole PLC,9399,95316,GB,412,D,D,P,0
991720,9140,1093,88151,162,Riley-Duran,6074,74807,GB,537,A,D,N,0
844335,9173,1174,91838,653,House-Garcia,7405,04550,GB,958,A,C,M,0
106120,9122,1075,31866,849,Bradshaw-Guzman,6642,18723,GB,1069,C,A,P,0
462958,9114,1117,32633,741,Mcmahon-Vargas,9401,45386,GB,156,D,C,M,0
651969,9105,1024,40362,231,"Mitchell, Smith and Stevens",7563,09258,GB,1750,C,D,M,0
325927,9117,1097,14140,867,"Barron, Gutierrez and Brooks",3399,25318,GB,854,D,C,M,0
279816,9144,1047,33011,160,Hines Inc,7148,49601,GB,2094,B,A,N,0
453850,9069,1122,14951,896,"Wright, Brown and James",5373,90249,GB,435,B,D,M,0
946177,9124,1044,91386,834,Long-Valdez,7958,96842,GB,1284,C,A,P,0
182159,9081,1008,62340,324,Marshall and Sons,6135,15951,GB,405,B,A,P,0
144559,9100,1041,07406,749,Davis Group,1031,70454,GB,519,A,B,M,0
440570,9172,1181,62915,558,Hernandez-Cunningham,8164,94661,GB,841,B,D,M,0
694317,9073,1044,58156,157,Barnes-Love,3297,10734,GB,2274,A,B,M,0
312229,9183,1122,67133,927,Marshall Group,4097,17380,GB,215,B,A,M,0
855542,9048,1169,85281,570,Burke-Hess,7737,04205,GB,870,D,A,N,0
841720,9009,1044,76314,548,Maxwell Inc,1390,69714,GB,1751,C,A,M,0
194025,9123,1180,15225,777,Allen-Hunt,2424,99323,GB,1539,B,D,P,0
793039,9155,1018,28141,917,"Carpenter, Kim and Chen",4856,84188,GB,1660,B,B,N,0
531333,9141,1119,88839,809,Cantu-Casey,7634,58935,GB,1455,B,A,N,0
359006,9053,1111,91292,756,Weeks Inc,5437,75047,GB,2418,B,A,N,0
836314,9053,1135,08837,157,"Jones, Zimmerman and Morris",4679,17177,GB,2186,C,A,P,0
493988,9027,1069,49871,685,Jackson Ltd,6671,87994,GB,1640,D,C,P,0
150593,9189,1157,52564,101,Melton-Wang,8011,42898,GB,1828,D,D,M,0
411903,9072,1158,34813,903,"Taylor, Rhodes and Johnson",5120,28901,GB,1192,D,D,M,0
660892,9037,1066,88874,526,"Stanton, Santos and Knapp",4000,76004,GB,500,D,A,N,0
113094,9169,1013,02893,971,Moore Group,8557,96779,GB,120,C,C,M,0
905383,9001,1082,57740,440,Arroyo-Wilkerson,3005,08702,GB,1916,A,D,N,0
995694,9079,1053,44885,759,"Martinez, Buchanan and Bryant",9590,04233,GB,1030,A,A,M,0
799204,9139,1199,06176,841,Reese-Adams,1213,86814,GB,325,C,A,M,0
842835,9104,1042,61723,705,"King, Evans and Sims",7539,15916,GB,1689,C,D,N,0
801456,9086,1185,94850,656,"Kennedy, Pena and Carpenter",5081,34030,GB,364,B,A,M,0
610844,9122,1123,46353,707,Tate Group,9354,62312,GB,1171,A,D,N,0
259114,9060,1167,45935,539,"Daugherty, Beck and Rice",8069,19489,GB,1290,B,B,P,0
701524,9186,1052,26189,1011,Mums Kitchen,5813,10001,GB,2050,D,B,N,1
821019,9200,1030,60599,57,Carter-Elliott,7221,40631,GB,1765,C,A,M,0
348784,9094,1156,42943,1011,Mums Kitchen,5813,10001,GB,932,D,B,N,1
919708,9185,1004,58744,43,"Ramsey, Campbell and Shepherd",2753,68124,GB,1477,A,A,P,0
508667,9190,1093,62843,818,White PLC,9880,44471,GB,984,B,A,P,0
668700,9162,1158,70626,223,Jacobs-Jackson,8467,92172,GB,1461,A,D,P,0
556817,9078,1042,94199,670,Martin PLC,6048,76125,GB,2272,A,B,N,0
308670,9135,1156,18311,631,Ryan PLC,4680,28871,GB,277,A,A,M,0
237391,9078,1131,35160,816,"Tyler, Martin and Coleman",2724,90973,GB,864,C,C,M,0
358439,9092,1194,46608,558,Holt-Ortiz,7219,61355,GB,2254,B,D,P,0
454446,9081,1190,08863,631,Brown-Turner,6302,92831,GB,421,B,D,P,0
361130,9162,1077,93486,723,Collins-Jimenez,4730,27120,GB,1221,C,B,P,0
126926,9124,1115,94306,146,Williams-Galloway,7783,86379,GB,1024,A,C,M,0
869524,9158,1044,60898,814,Richardson-Garcia,6841,84299,GB,1549,D,D,P,0
339126,9194,1089,28466,179,"Thomas, Larsen and Schneider",7562,51454,GB,2214,A,D,P,0
440533,9087,1045,00740,618,Ward-Raymond,2069,74245,GB,1259,D,D,P,0
345191,9045,1146,96165,1011,Mums Kitchen,5813,10001,GB,419,A,D,M,1
177612,9169,1151,85055,471,"Rowe, Jones and Greene",4029,60526,GB,1788,A,D,P,0
824612,9123,1145,74557,60,Watson Ltd,9651,61202,GB,566,B,C,N,0
815842,9028,1024,12686,442,"Baker, James and Turner",5338,51684,GB,2435,C,A,N,0
273352,9061,1132,09510,59,Murray-Luna,7736,57374,GB,166,A,D,M,0
920604,9127,1000,41935,281,Maddox-Robles,3273,08801,GB,1376,B,B,P,0
927636,9194,1124,12329,504,Mccullough PLC,3689,71524,GB,2244,D,D,M,0
700378,9050,1157,41014,535,"Burns, Walker and Sandoval",8064,84354,GB,706,D,A,P,0
394699,9143,1141,77740,142,Woodward-Hayden,4052,40465,GB,1118,C,B,P,0
134892,9038,1085,32280,17,"Delgado, Phillips and Swanson",4174,35939,GB,1142,A,D,M,0
668205,9063,1156,46214,190,Williams LLC,3230,30720,GB,1195,A,D,M,0
118030,9094,1013,83960,452,Caldwell PLC,1514,68600,GB,719,C,D,N,0
994599,9028,1116,45297,116,Brown-Fleming,7019,28472,GB,209,D,B,N,0
451891,9172,1080,85107,794,Gonzalez Ltd,7896,31570,GB,353,B,A,N,0
595920,9183,1184,83722,807,Weber Inc,8370,65555,GB,937,B,D,M,0
459637,9197,1068,83146,322,"Franklin, Pham and Mitchell",9178,89494,GB,586,A,A,M,0
201799,9017,1197,84137,697,Logan-Doyle,4483,35382,GB,1810,A,C,P,0
658428,9200,1093,72179,139,Marshall Inc,1483,43806,GB,925,A,B,N,0
739843,9041,1024,88539,471,Smith-Ward,5437,86472,GB,2119,A,B,M,0
547016,9146,1138,74100,491,Villarreal and Sons,2167,42843,GB,1608,A,A,M,0
472841,9095,1085,33879,245,Jones-Campos,7234,28786,GB,1987,C,D,P,0
209456,9014,1024,59764,712,"Allen, Wright and Morales",4293,60194,GB,1795,D,D,P,0
391497,9056,1066,96007,21,"Rogers, Peterson and Patton",5426,61402,GB,2275,D,D,N,0
437539,9045,1144,62268,208,Cline-West,1996,89981,GB,1014,A,D,N,0
409091,9124,1173,77913,72,Haley Ltd,4618,46390,GB,2233,D,B,M,0
973877,9123,1123,97064,108,Williams-Norris,6958,29294,GB,2274,C,D,M,0
993098,9011,1156,43834,438,"Barron, Cox and Valencia",5650,67238,GB,911,D,A,N,0
548058,9043,1024,93223,251,"Shelton, Green and Hall",5250,59728,GB,1466,B,D,P,0
204636,9168,1145,09805,523,"Lutz, Foley and Townsend",7063,44167,GB,2081,A,D,N,0
183011,9009,1089,61879,259,Hamilton-Robbins,1918,33082,GB,2287,C,C,N,0
808206,9093,1157,09406,312,Wilson-Walls,6721,27899,GB,1005,C,C,N,0
490215,9014,1012,60627,312,Barron-Wood,8966,67124,GB,2215,B,C,M,0
573284,9127,1111,49527,353,Anderson-Ayers,8271,26539,GB,1878,C,D,P,0
884211,9112,1164,09422,586,"Moore, Farmer and Wang",2807,67172,GB,2173,C,C,P,0
438552,9060,1109,63865,108,"Collins, Arnold and Mclean",1602,34954,GB,1656,D,B,N,0
271198,9072,1062,88787,675,Mclaughlin-Leach,6717,70605,GB,685,D,C,M,0
245427,9199,1145,54050,621,"Patton, Ortega and Henderson",9866,05238,GB,722,C,D,P,0
209511,9025,1148,59525,131,Jones LLC,1536,92703,GB,2301,C,A,M,0
344667,9057,1052,98693,718,Foster Inc,5501,18388,GB,1166,A,C,N,0
793742,9029,1102,77048,275,"Floyd, Martin and Gray",5812,99608,GB,1603,B,B,M,0
339225,9111,1180,44316,587,Lopez-Lewis,5791,93083,GB,2325,B,A,M,0
428841,9071,1079,96810,225,Giles PLC,6341,65510,GB,1704,B,D,N,0
409485,9178,1013,48756,930,Ball-Turner,1912,49929,GB,773,B,B,P,0
446161,9098,1073,08722,783,"Williams, Jones and Velazquez",8818,42226,GB,464,D,A,N,0
574636,9188,1038,95034,931,Rivera Inc,8744,71496,GB,1333,D,C,N,0
316823,9075,1078,78543,1011,Mums Kitchen,5813,10001,GB,2447,A,B,M,1
682304,9179,1150,11868,226,"Palmer, Ellis and Duncan",9251,11099,GB,1705,B,B,M,0
112687,9141,1091,61659,905,Bauer Group,7594,14039,GB,1308,B,C,M,0
507344,9177,1031,92409,590,Price Inc,8399,60433,GB,908,C,D,M,0
904934,9133,1115,11461,1011,Mums Kitchen,5813,10001,GB,874,B,A,M,1
470664,9113,1197,41875,584,Sanchez-Johnson,8659,84140,GB,2225,C,A,M,0
987825,9167,1185,05199,1011,Mums Kitchen,5813,10001,GB,1344,B,D,N,1
873043,9075,1028,48141,699,Duncan and Sons,7235,96013,GB,2332,A,B,P,0
691448,9118,1173,78922,470,"Potter, Anderson and Spears",7176,99727,GB,1470,A,C,N,0
849028,9006,1032,27067,940,Faulkner-Contreras,4768,51243,GB,306,A,B,N,0
327545,9133,1088,26404,595,Hughes-Nelson,4328,44413,GB,9,B,B,M,0
276619,9195,1138,49177,748,Davis Group,1144,13681,GB,1395,C,A,M,0
374062,9067,1080,68114,229,Copeland Inc,1076,52726,GB,2182,B,B,N,0
634600,9095,1170,09667,947,"Middleton, Espinoza and Harris",6617,48110,GB,2330,D,A,M,0
571609,9056,1155,95070,1011,Mums Kitchen,5813,10001,GB,1554,B,B,M,1
767942,9088,1006,41991,909,"Price, Hernandez and Harris",1999,56060,GB,1517,D,D,N,0
115110,9036,1188,40095,834,Murray-Gordon,5759,93019,GB,2146,A,A,N,0
509929,9077,1114,10600,597,"Martinez, Hughes and Cameron",1852,69119,GB,470,A,C,M,0
950679,9191,1119,31057,461,Johnson LLC,5587,68441,GB,2159,C,D,P,0
795097,9051,1024,46869,464,Pena-Barajas,9788,64878,GB,1498,C,B,P,0
459748,9059,1141,57795,248,"Cantu, Mann and Johnson",7527,49038,GB,458,B,B,M,0
107131,9028,1044,84074,1011,Mums Kitchen,5813,10001,GB,960,A,B,N,1
258921,9134,1107,97450,938,"Hudson, Fisher and Lee",2594,87475,GB,1548,A,C,N,0
483139,9096,1126,02809,432,"Chang, Olson and Smith",2287,85692,GB,1174,D,A,M,0
395666,9054,1194,07168,319,Hess PLC,4011,08234,GB,18,B,A,N,0
241422,9016,1123,27245,238,Allen-Cunningham,6938,12132,GB,578,A,C,N,0
508592,9138,1160,75688,972,"Day, Ramirez and Neal",2497,01362,GB,1999,B,B,N,0
772063,9156,1157,66104,865,Cline and Sons,4209,07249,GB,1933,A,C,N,0
961861,9098,1200,89962,78,"Vaughn, Wheeler and Gardner",8581,18935,GB,1050,A,B,P,0
918967,9086,1030,32574,339,"Skinner, Peterson and Carpenter",1038,61685,GB,303,D,D,M,0
557774,9090,1111,97460,111,Todd-Meza,8625,08450,GB,437,A,D,N,0
699933,9181,1039,32590,473,"Roberts, Sheppard and Fritz",3579,51781,GB,803,B,C,N,0
634537,9018,1077,98236,496,Cortez LLC,3834,23916,GB,1718,B,B,M,0
710504,9198,1064,72105,1011,Mums Kitchen,5813,10001,GB,2490,A,D,M,1
256635,9162,1065,58606,662,"Lopez, Molina and Martinez",9003,63843,GB,1543,D,C,N,0
286776,9092,1082,93199,1011,Mums Kitchen,5813,10001,GB,2239,D,C,M,1
765118,9174,1060,49284,628,Smith-Flowers,2913,56102,GB,2289,A,D,P,0
224135,9200,1096,14290,1011,Mums Kitchen,5813,10001,GB,294,B,B,N,1
354977,9198,1196,98672,89,Rivera Inc,9097,75216,GB,2111,A,A,M,0
858674,9067,1059,67459,420,"Bond, Walker and Alvarado",1566,13587,GB,792,C,D,P,0
640107,9044,1000,76801,458,Young Ltd,5212,98911,GB,2482,B,B,N,0
763558,9148,1075,26878,1011,Mums Kitchen,5813,10001,GB,931,B,B,M,1
796463,9116,1020,89161,674,"Adams, Lamb and Bonilla",3356,97021,GB,206,D,C,P,0
734900,9102,1029,85593,228,Nixon LLC,2288,56895,GB,481,C,C,N,0
572307,9128,1018,32262,398,Pruitt-Mcclure,6993,83266,GB,1837,A,A,M,0
830259,9094,1072,74664,687,Roberts-Johnson,9669,02917,GB,717,C,A,P,0
266698,9170,1196,79885,934,"Sanchez, Wells and Wallace",4198,35924,GB,1807,D,B,P,0
488438,9055,1123,10886,232,Dixon-Ramos,7813,76342,GB,161,B,B,M,0
230276,9194,1036,78780,81,"Steele, Scott and Bradley",8307,59463,GB,858,C,A,M,0
541950,9045,1087,99240,3,Mcdonald Inc,8562,05602,GB,2294,C,B,N,0
552378,9049,1059,99798,203,"Foster, Morrow and Levy",8333,22438,GB,1450,C,B,M,0
476075,9041,1166,40180,583,Sullivan-Evans,1434,14256,GB,171,D,A,P,0
366829,9178,1057,41719,167,"Gonzalez, Marks and Hobbs",9081,25412,GB,616,B,A,P,0
202603,9018,1070,74713,346,"Sandoval, Hudson and Gomez",6231,06279,GB,175,D,D,M,0
295167,9005,1114,45793,985,Sanchez LLC,4272,31487,GB,1256,C,D,M,0
991597,9141,1169,44304,46,Olson Ltd,9375,60464,GB,410,D,B,P,0
271666,9058,1179,81683,390,Mitchell Inc,5518,83899,GB,2243,C,B,P,0
647414,9198,1102,60980,501,Kim PLC,5268,13501,GB,1983,D,A,P,0
182024,9141,1089,80724,518,Johnson and Sons,4897,02841,GB,482,B,A,P,0
999201,9059,1198,96969,331,"Walker, Hood and Crane",3040,96756,GB,1796,D,B,M,0
906874,9083,1092,75654,1011,Mums Kitchen,5813,10001,GB,851,C,C,M,1
691976,9159,1042,11539,823,Moore LLC,9241,28767,GB,2429,D,B,N,0
959673,9192,1099,95763,1011,Mums Kitchen,5813,10001,GB,765,C,A,N,1
190593,9106,1108,53358,849,Howe-Carter,1840,37017,GB,849,B,A,M,0
748961,9105,1093,19420,477,Williams Inc,2584,14536,GB,774,A,A,M,0
918003,9142,1007,76170,1011,Mums Kitchen,5813,10001,GB,1870,C,A,N,1
545634,9093,1158,44712,518,Lewis-Hardy,7196,01622,GB,761,B,B,N,0
550866,9199,1167,81471,3,Edwards-Cantu,2548,53912,GB,1699,C,B,N,0
328706,9193,1046,06881,705,Bond and Sons,9985,79222,GB,28,B,A,P,0
618294,9121,1066,07352,82,"Castaneda, Guzman and Frazier",7644,29338,GB,55,A,A,P,0
416695,9082,1120,49107,155,Baldwin-Smith,7347,47020,GB,1671,D,D,P,0
743276,9099,1068,96831,846,Kaiser Ltd,4679,56987,GB,1868,B,A,P,0
765553,9073,1033,06377,470,"Potts, White and Graham",4421,46013,GB,411,A,D,M,0
501280,9073,1074,31761,646,Mason Inc,2478,69051,GB,2356,A,A,N,0
586905,9124,1067,02338,503,Walker-Nielsen,6949,19707,GB,2044,B,B,M,0
536562,9122,1000,25331,516,Martin and Sons,4781,21780,GB,2495,D,D,P,0
427431,9060,1064,39121,346,"Roman, Melton and Cohen",2877,22733,GB,2378,C,D,N,0
849979,9097,1005,70710,842,"Brown, Medina and Valentine",5392,95338,GB,964,A,D,N,0
604724,9033,1192,37886,463,"Good, Patterson and Allen",4858,20398,GB,1133,C,D,P,0
294227,9094,1103,47644,867,Rodriguez-Greer,3369,09493,GB,773,D,A,M,0
881932,9033,1148,47794,238,"Fernandez, Contreras and Nelson",9131,47184,GB,164,A,C,N,0
783762,9118,1074,38970,875,"Mason, Tran and Robertson",7605,43426,GB,2109,A,B,M,0
892130,9025,1160,61199,919,Martin-Hill,5056,01722,GB,1605,D,A,M,0
781926,9185,1045,71954,78,Shepherd and Sons,6698,63061,GB,1894,D,A,M,0
253822,9040,1003,43546,477,Malone-Fry,2120,31088,GB,955,D,D,P,0
104374,9033,1109,02521,192,"Rhodes, Rangel and Reed",2134,45895,GB,1029,C,D,N,0
860160,9056,1054,66765,700,Smith LLC,3232,19164,GB,1077,C,A,P,0
801540,9087,1189,80041,870,"White, Le and Pierce",5223,85408,GB,439,A,B,M,0
598819,9152,1163,81543,1011,Mums Kitchen,5813,10001,GB,1896,B,C,N,1
540366,9056,1129,15058,680,"Turner, Shields and Burns",6794,53447,GB,476,B,A,M,0
219851,9124,1062,45240,996,"Davis, Perkins and Figueroa",8984,94318,GB,314,B,B,N,0
131173,9009,1094,69408,76,Allen PLC,6312,41967,GB,274,B,D,N,0
278838,9095,1076,11080,678,"Lane, Fernandez and Neal",5212,46011,GB,2412,A,C,N,0
604137,9054,1030,49973,1011,Mums Kitchen,5813,10001,GB,2214,C,C,N,1
366020,9124,1115,56586,670,Lopez-Lynch,6916,66275,GB,941,B,D,N,0
742663,9144,1117,29796,946,"Martinez, Walker and Kline",6662,33935,GB,1370,C,A,M,0
797523,9172,1038,52953,1011,Mums Kitchen,5813,10001,GB,1425,D,C,N,1
438795,9051,1198,91025,98,"Brock, George and Haynes",8868,90458,GB,473,D,B,P,0
623777,9080,1100,41043,251,Pitts-Castro,3614,26424,GB,1685,B,A,N,0
594342,9137,1200,91812,267,Durham PLC,8556,65985,GB,922,C,C,M,0
524463,9141,1046,61005,617,Larsen-Lam,4721,52640,GB,1053,A,A,N,0
625700,9190,1092,67186,762,Thomas Inc,1173,08237,GB,1229,C,A,N,0
619589,9174,1168,63321,272,"Schwartz, Jenkins and Owens",4714,78689,GB,1302,C,C,M,0
105272,9011,1068,10188,1011,Mums Kitchen,5813,10001,GB,741,C,C,M,1
587499,9123,1111,69231,79,Santana LLC,2605,39488,GB,2374,A,D,P,0
407631,9146,1124,88335,186,Benson-Sutton,7963,23447,GB,1606,B,D,M,0
102982,9078,1121,40920,338,"Bond, Kane and Martinez",9204,46939,GB,349,B,D,P,0
736994,9038,1052,12211,372,Taylor Ltd,6136,74053,GB,140,B,C,N,0
787363,9063,1150,86768,520,Hill Group,9403,47340,GB,1205,B,A,M,0
514134,9015,1023,79841,215,"Holloway, Perez and Sanchez",6443,34510,GB,1516,C,C,N,0
172153,9043,1138,31398,856,"Smith, Fitzpatrick and Fry",6581,59227,GB,721,C,B,P,0
916920,9111,1051,96060,483,Baker Group,5884,03617,GB,747,C,A,M,0
697696,9029,1070,69736,186,Davis-Thomas,5478,37464,GB,1505,B,B,N,0
515860,9195,1015,74088,461,Hess PLC,5346,76924,GB,174,B,B,P,0
487512,9021,1166,22644,632,Wilcox Ltd,2932,39657,GB,467,B,C,N,0
687095,9030,1175,04557,135,Lynch and Sons,6931,52868,GB,1138,B,D,P,0
247796,9156,1145,58067,1011,Mums Kitchen,5813,10001,GB,1423,C,D,N,1
608998,9156,1004,47073,32,Hoover-Powell,4267,46029,GB,2166,D,B,P,0
735363,9048,1122,70117,131,Pitts-Wu,3859,42327,GB,326,D,A,M,0
930584,9071,1169,69941,316,Wells LLC,8984,87995,GB,558,B,D,N,0
198277,9011,1016,05226,1011,Mums Kitchen,5813,10001,GB,1565,B,D,P,1
999968,9096,1187,59155,181,Burnett-Roth,9853,39847,GB,1872,A,B,M,0
121558,9151,1110,52066,458,"Phillips, Smith and Lynch",7149,63046,GB,2117,C,C,M,0
821267,9095,1031,43605,8,"Davis, Barrera and Sullivan",5432,24672,GB,2306,A,B,M,0
586039,9110,1145,72375,224,Duran and Sons,6703,68111,GB,896,D,B,N,0
354804,9014,1094,77865,1011,Mums Kitchen,5813,10001,GB,2055,A,B,P,1
464896,9037,1044,97941,12,Walters Inc,3104,78981,GB,545,D,A,N,0
865471,9051,1174,55376,845,Salazar-Hester,5277,30852,GB,799,A,B,M,0
647617,9195,1136,81409,234,"Mcguire, Johnson and Harris",6373,42300,GB,754,B,C,P,0
653369,9004,1170,71273,954,Murray LLC,1290,95788,GB,238,A,D,N,0
463350,9055,1016,20041,328,Sims-Alvarez,2154,54279,GB,1774,C,B,N,0
601851,9117,1066,99469,975,Diaz and Sons,6269,14325,GB,794,A,D,N,0
865784,9064,1030,31937,17,Brooks and Sons,3137,19189,GB,317,B,D,N,0
380270,9029,1198,30622,347,Monroe Group,7909,79034,GB,707,C,D,P,0
467044,9062,1190,67460,953,"Wilkerson, Parsons and Weber",6075,66814,GB,1737,C,B,M,0
436728,9054,1111,38287,452,White Group,9115,92159,GB,395,D,C,M,0
518459,9076,1142,61958,216,Valentine-Buck,6512,56269,GB,2090,D,C,M,0
684908,9155,1049,40840,903,"Young, Horn and Thomas",6537,58206,GB,2290,C,D,N,0
618126,9159,1068,59783,345,"Gilmore, Garcia and Avila",7299,06645,GB,1708,B,C,N,0
697990,9114,1013,61659,275,Bell Group,9471,10844,GB,2106,B,C,P,0
905340,9095,1050,66362,587,Powell LLC,9650,98905,GB,1246,D,C,M,0
458784,9104,1022,26393,1011,Mums Kitchen,5813,10001,GB,694,C,C,N,1
731119,9143,1117,38227,327,Myers-Hammond,1592,85995,GB,2107,C,A,P,0
130851,9090,1058,28445,480,Watts Group,9700,14833,GB,1931,D,A,P,0
381626,9081,1160,80706,728,Barrera PLC,4920,69015,GB,1942,B,A,N,0
422247,9134,1018,47642,16,Everett PLC,2572,93064,GB,2045,A,B,P,0
237392,9188,1014,96443,722,"Griffin, Huff and Mckay",1645,40630,GB,458,C,B,P,0
631409,9062,1112,79373,1011,Mums Kitchen,5813,10001,GB,271,B,C,P,1
337477,9031,1020,80957,316,"Gibson, Mclaughlin and Cohen",8947,12769,GB,942,A,B,M,0
622493,9173,1019,44346,501,"Miranda, Schneider and Peterson",1764,58560,GB,2020,C,C,M,0
794018,9189,1027,28985,1011,Mums Kitchen,5813,10001,GB,1448,B,A,M,1
630682,9176,1151,68356,284,"Cook, Harris and Duke",6430,89653,GB,1796,A,A,P,0
737289,9136,1178,08103,557,Charles and Sons,9220,26880,GB,466,A,A,N,0
604366,9108,1171,92241,342,Anderson and Sons,1771,15403,GB,614,A,D,P,0
552100,9046,1193,43478,19,Schwartz-Mcdaniel,3704,41802,GB,958,B,B,P,0
221341,9174,1066,64618,825,Garcia LLC,2370,48328,GB,1043,C,C,M,0
130799,9006,1175,83241,848,English-Valenzuela,7280,93318,GB,1211,B,B,N,0
296992,9054,1134,11887,862,"Hughes, Bush and Henry",8659,43776,GB,813,C,D,P,0
273533,9021,1067,45777,825,"Davis, Glover and Salazar",7766,85514,GB,300,C,D,N,0
561916,9173,1070,61600,971,"Frazier, Mills and Sanchez",2314,74160,GB,1605,B,D,P,0
347495,9062,1192,03773,477,"Rivera, Kirby and Heath",5964,03190,GB,1759,C,B,P,0
225518,9042,1000,43794,851,Riley Group,3719,14332,GB,1233,B,A,N,0
125674,9167,1074,07382,12,"Austin, Wallace and Powers",2472,57773,GB,604,B,D,N,0
157309,9000,1073,71051,461,"Nguyen, Myers and Lewis",7810,17159,GB,2106,A,D,N,0
971026,9129,1010,87011,10,Le Ltd,5306,64432,GB,1821,B,B,P,0
932900,9192,1086,48418,319,Hammond LLC,9309,67304,GB,1816,D,B,N,0
207536,9148,1177,39123,671,Bruce Group,8932,48357,GB,2356,B,C,P,0
837976,9062,1083,86403,936,Lyons-Cain,3799,51373,GB,2216,A,A,N,0
975824,9047,1096,66095,1011,Mums Kitchen,5813,10001,GB,102,D,D,P,1
882948,9014,1143,61178,696,"Hernandez, Burke and Richmond",9620,13609,GB,2267,C,A,M,0
353919,9163,1145,15550,901,"Caldwell, Howard and Ramos",9562,75608,GB,1365,D,D,P,0
877195,9029,1127,67784,399,Ortiz-Taylor,2409,77700,GB,1336,A,B,N,0
575060,9192,1075,67364,42,Daniels PLC,5618,24746,GB,2332,C,B,P,0
110649,9031,1004,66927,1011,Mums Kitchen,5813,10001,GB,1683,B,C,N,1
219263,9002,1053,28085,806,Brooks PLC,2784,06765,GB,654,C,C,M,0
401258,9027,1002,05948,498,"Jones, Beard and Burns",5632,30710,GB,1818,D,B,P,0
249875,9067,1022,73868,163,Baker LLC,7874,19101,GB,1657,A,A,P,0
921274,9001,1099,12326,769,Evans LLC,3600,43080,GB,1046,B,D,P,0
735765,9111,1055,53197,446,Guzman Group,8046,34431,GB,1013,B,B,M,0
523432,9073,1172,61880,372,"Wilson, Morgan and Stewart",7011,92516,GB,272,A,C,M,0
949693,9019,1171,08765,491,"Mcneil, Miller and Wheeler",8839,27053,GB,1649,B,C,N,0
212984,9166,1085,41305,1011,Mums Kitchen,5813,10001,GB,1705,B,B,P,1
686853,9045,1095,58346,259,Griffin and Sons,1522,63324,GB,1180,D,B,M,0
519921,9022,1199,93786,1011,Mums Kitchen,5813,10001,GB,538,A,B,P,1
998270,9047,1076,36145,513,"Stevenson, Brewer and Kelly",1115,40124,GB,575,C,D,N,0
891541,9118,1030,33469,1011,Mums Kitchen,5813,10001,GB,1073,A,B,M,1
120690,9129,1145,25013,882,"Mcguire, Harris and Wilson",5433,71346,GB,1417,A,B,P,0
946682,9145,1192,34287,201,Lopez LLC,5768,27540,GB,1493,C,B,P,0
173752,9145,1141,80231,986,Vasquez-Cortez,8208,42177,GB,1666,C,A,N,0
853214,9011,1103,85054,721,Stafford Inc,7869,32852,GB,1968,D,B,M,0
255017,9044,1141,96221,273,Andrews LLC,4139,80631,GB,818,B,C,P,0
425510,9064,1018,78256,137,Reese-Cummings,9924,79245,GB,854,C,C,M,0
904066,9044,1126,35658,562,Gomez Group,4798,91965,GB,927,C,C,P,0
883568,9168,1091,41335,555,"Estrada, Page and Solis",2368,02585,GB,1787,C,D,M,0
743272,9014,1146,43656,1011,Mums Kitchen,5813,10001,GB,1552,A,B,M,1
702045,9017,1108,43923,371,Davis-Santos,8661,12251,GB,1469,A,A,P,0
783768,9055,1050,20575,978,"Sherman, Martinez and Smith",2726,23465,GB,2152,A,D,P,0
411038,9118,1184,02871,785,"Martinez, Reed and Smith",7459,90598,GB,479,A,D,M,0
787027,9075,1041,01938,703,"Perez, Alexander and Marshall",4396,79362,GB,1711,D,B,N,0
715173,9049,1004,91536,892,Barker-Kirby,8247,80013,GB,888,D,C,M,0
344185,9191,1047,01347,733,Berg Group,2615,96845,GB,2239,A,C,M,0
745447,9164,1033,11583,323,Murray-Ayala,1395,75908,GB,97,D,B,N,0
853585,9076,1110,67141,522,Collins-Woods,6422,70704,GB,395,C,B,N,0
686045,9095,1007,59427,711,"Hansen, Andersen and Figueroa",1161,57292,GB,1170,A,A,N,0
212904,9163,1073,72953,19,"Chen, Ewing and Lynch",3809,76765,GB,1814,C,C,M,0
485592,9120,1137,26123,1011,Mums Kitchen,5813,10001,GB,519,B,C,N,1
313266,9159,1159,04228,357,Collins-Rangel,3860,85114,GB,658,A,C,M,0
164293,9055,1140,24969,333,Cruz and Sons,8777,56435,GB,1187,B,B,N,0
556093,9021,1112,13307,999,"Richmond, Baker and Hughes",8997,00755,GB,706,D,B,M,0
939079,9163,1037,97281,572,"Christian, Martinez and Edwards",1139,20704,GB,2428,A,C,N,0
236196,9045,1081,75994,159,"Blevins, Ortega and Baker",7510,54699,GB,1566,B,C,M,0
384753,9059,1026,17738,459,Mcmillan-Scott,5649,48022,GB,608,A,B,P,0
897769,9163,1185,38344,1011,Mums Kitchen,5813,10001,GB,1510,D,C,M,1
427765,9114,1096,65751,493,Jackson-Lewis,6417,33470,GB,2125,B,B,M,0
295978,9170,1170,16114,182,Leach PLC,8168,83593,GB,1809,D,C,M,0
193598,9134,1029,74226,348,Raymond Inc,2624,52091,GB,942,A,C,N,0
230276,9077,1050,48518,455,Novak-Harris,7369,71353,GB,375,B,A,N,0
888783,9065,1194,51598,984,Lawson Ltd,5092,06177,GB,1480,C,D,M,0
898640,9022,1090,52736,5,Khan and Sons,9653,05481,GB,945,A,A,M,0
903758,9079,1029,60125,378,Smith-Brown,8235,28779,GB,1091,B,B,M,0
131293,9130,1147,20514,488,Walker-Estes,2019,75962,GB,2176,D,A,P,0
204468,9180,1169,21790,296,"Ramos, Johns and Robinson",6095,77082,GB,653,C,B,M,0
213575,9109,1121,93490,769,Williams-Trevino,5233,22449,GB,831,A,C,P,0
542243,9006,1090,77085,358,Hampton Ltd,2668,88314,GB,1553,A,B,M,0
575028,9132,1147,07980,320,"Burns, Mclean and Perez",3806,80856,GB,2321,C,C,N,0
610527,9169,1003,95920,941,Brooks-Perkins,6368,22785,GB,606,D,C,P,0
680460,9090,1160,84937,404,Flores and Sons,5007,32997,GB,1393,C,A,N,0
718841,9143,1170,05914,397,"Tran, Bowman and Hunter",4872,39012,GB,1374,D,B,P,0
839063,9057,1080,13570,106,Jordan-Shields,7483,11330,GB,2119,D,C,P,0
113367,9002,1149,55760,487,"Bartlett, Webb and Bonilla",6579,90093,GB,1756,D,D,M,0
837620,9152,1017,56831,800,"Wise, Cline and Santos",8646,72214,GB,220,D,D,N,0
641556,9052,1063,36298,166,Keith Group,9010,45612,GB,1059,B,B,M,0
232859,9023,1144,35663,272,Richard-Gray,6025,50454,GB,2404,B,C,M,0
529932,9022,1076,70181,968,"Christensen, Leonard and Moran",9802,50292,GB,1482,C,A,P,0
650353,9163,1031,40407,696,Tyler-Evans,4743,82201,GB,1279,D,C,P,0
465553,9045,1079,25883,178,Wiggins Group,6007,77453,GB,2029,C,C,M,0
366450,9130,1125,55769,502,"Martin, Kemp and Blankenship",2834,05015,GB,2057,A,D,N,0
722127,9071,1127,35060,624,Cook-Eaton,8626,76301,GB,2459,D,C,M,0
501612,9074,1172,64648,736,Simon-Marsh,9831,17313,GB,1787,D,B,N,0
800903,9188,1049,72631,883,Rubio LLC,2522,36832,GB,33,C,A,N,0
936147,9050,1066,55444,552,Stewart-Chen,2256,58771,GB,1623,A,B,P,0
724096,9117,1083,32513,404,Anderson LLC,4326,20130,GB,1287,B,D,N,0
455002,9179,1043,44304,379,"Ford, Taylor and Gaines",1426,96900,GB,935,B,D,N,0
307979,9055,1127,77487,767,"Estes, Cabrera and Fernandez",6322,60379,GB,2344,D,B,M,0
118474,9066,1163,94637,119,"Ward, Morales and Malone",1185,97731,GB,1090,A,A,M,0
534472,9059,1183,47177,628,Kim Group,7482,11630,GB,1994,B,D,M,0
938480,9157,1021,95738,1011,Mums Kitchen,5813,10001,GB,1449,D,C,N,1
609273,9183,1151,04319,335,"Mcknight, Long and Wilson",4606,05528,GB,2260,B,C,P,0
625768,9007,1012,60120,647,Winters and Sons,3645,28779,GB,1549,C,C,M,0
315335,9079,1165,51613,229,Garcia-Browning,1755,82336,GB,2211,D,C,M,0
112243,9056,1129,52201,577,Ross-Decker,1717,92240,GB,2395,C,A,P,0
811159,9083,1168,13015,982,Williams Group,8410,73861,GB,2293,A,A,P,0
889890,9163,1017,12840,353,Jones PLC,4554,64677,GB,617,A,C,P,0
514200,9025,1144,12033,877,Gutierrez-Reyes,3250,46716,GB,568,A,A,P,0
668178,9159,1115,16264,856,Flores Inc,6279,49510,GB,50,A,D,P,0
908320,9156,1094,56325,48,Charles PLC,9728,06137,GB,942,A,B,N,0
413681,9163,1151,77035,57,Smith Ltd,8695,71690,GB,807,A,A,P,0
894851,9197,1051,89996,289,Lucas-Young,9882,29273,GB,1295,B,C,N,0
767567,9056,1161,11358,1011,Mums Kitchen,5813,10001,GB,1476,B,C,N,1
882958,9197,1065,64872,8,"Williams, Todd and Jarvis",3345,29444,GB,361,D,B,N,0
134747,9114,1155,70973,1011,Mums Kitchen,5813,10001,GB,414,D,D,P,1
917073,9182,1067,62592,952,Elliott-Leonard,9737,24156,GB,2344,C,C,N,0
653094,9049,1091,10832,324,"Romero, Baker and Brown",7730,84334,GB,1268,A,D,M,0
481793,9059,1132,94622,382,Morton-Thompson,2155,26729,GB,982,D,B,N,0
203814,9093,1123,65999,339,Charles-Church,5293,46076,GB,1183,D,C,P,0
359354,9108,1066,28447,579,Myers Group,7703,27995,GB,862,B,A,N,0
441399,9184,1171,46634,45,Morales LLC,5890,02259,GB,494,B,D,M,0
472047,9077,1185,31214,160,"Powell, Howard and Johnson",7889,01491,GB,2154,D,B,M,0
489849,9013,1024,82535,749,"Kaufman, Stout and Gomez",8819,61033,GB,396,A,A,N,0
101824,9084,1045,25095,963,"Fitzgerald, Duncan and Garcia",8626,97946,GB,1741,C,B,M,0
337860,9030,1028,38207,641,Johnson and Sons,1784,94659,GB,231,D,C,N,0
570607,9079,1149,24259,442,Walsh-Morales,3776,80935,GB,836,C,D,M,0
394938,9097,1009,53071,415,Gross and Sons,6833,34995,GB,2228,D,C,M,0
161173,9121,1168,37642,983,Smith Ltd,9784,46732,GB,2300,A,C,N,0
251222,9177,1175,62059,86,Barajas-Newton,7581,58708,GB,969,D,D,P,0
705916,9034,1007,51119,354,"Harmon, Edwards and Smith",2128,35756,GB,2063,B,C,N,0
293169,9187,1027,50815,115,Frederick and Sons,7774,55414,GB,228,B,D,P,0
128782,9018,1147,62969,660,Willis-Zamora,8776,74327,GB,1794,B,A,P,0
498244,9096,1172,82543,711,Brown Inc,5485,81846,GB,1751,B,D,M,0
873336,9041,1138,91908,168,"Medina, Thompson and Dean",4897,36419,GB,791,B,C,M,0
880268,9032,1164,84778,853,Young-Hurst,7333,40170,GB,868,C,B,P,0
707867,9043,1076,85124,724,Riddle-Roberts,7500,32017,GB,1910,A,D,N,0
409354,9013,1152,15417,450,"Monroe, Wong and Rios",3448,24714,GB,913,A,C,P,0
342789,9193,1002,24482,98,Harvey Group,3175,69065,GB,761,D,A,M,0
858788,9004,1066,08594,244,"Espinoza, Bell and Webb",9481,31049,GB,2345,D,A,M,0
938061,9077,1096,15771,624,Thornton-Sampson,9673,49546,GB,1499,B,A,N,0
991173,9121,1113,13233,457,"Porter, Allen and Davis",9983,03475,GB,1151,C,A,N,0
854174,9135,1156,94802,446,Wilson Inc,3182,94084,GB,1314,B,D,P,0
298019,9030,1170,35428,497,Bird-Pollard,9596,11480,GB,1722,A,C,M,0
449464,9015,1038,51233,1011,Mums Kitchen,5813,10001,GB,1621,A,A,P,1
733790,9009,1129,10130,73,Ramirez Group,6584,57105,GB,2335,D,D,P,0
661909,9193,1046,18148,597,"Mcdonald, Hernandez and Williams",8418,12091,GB,229,A,A,M,0
492799,9182,1074,57068,163,"Villa, Villarreal and Martin",1468,50682,GB,2456,C,A,N,0
616180,9132,1045,33682,645,Fletcher-Taylor,2880,42051,GB,773,D,D,N,0
700580,9135,1171,23381,632,"Mcguire, Jones and Thomas",8649,34608,GB,516,C,C,N,0
908019,9046,1053,80805,621,Johnson Inc,9935,01045,GB,16,B,A,M,0
132611,9032,1184,32529,672,Tran Inc,8879,03525,GB,675,C,A,P,0
645057,9044,1066,35713,648,Smith-Sanford,4187,81037,GB,1101,B,B,M,0
735413,9003,1143,76836,440,Wright Inc,9721,46044,GB,1715,A,D,N,0
944612,9043,1132,17556,463,"Kim, Taylor and Sanders",4234,95761,GB,2462,D,D,N,0
359683,9013,1050,58016,298,"Bolton, Peterson and Rodriguez",5733,66565,GB,665,D,B,N,0
568826,9113,1142,72101,424,Dixon-Stevenson,3881,69533,GB,930,C,B,N,0
440065,9147,1073,48721,365,Romero-Hamilton,7137,56541,GB,198,B,D,P,0
773130,9151,1103,46216,231,Cox-Garcia,5020,88347,GB,1836,D,C,M,0
426484,9024,1061,28587,411,"Stevens, Wright and Butler",8549,23708,GB,1996,A,C,M,0
698112,9194,1084,40837,663,Pacheco Group,9628,59383,GB,1425,C,A,M,0
438148,9181,1080,91351,439,Wilson Inc,3149,03388,GB,1338,A,B,M,0
942212,9026,1176,89106,681,"Hudson, Randolph and Parker",1674,55187,GB,1866,A,D,P,0
766414,9024,1016,15485,15,Miller-Wilson,5487,22458,GB,503,A,D,P,0
492225,9059,1099,81369,36,Lee and Sons,8206,58206,GB,1272,C,C,M,0
439654,9042,1114,89963,78,Valenzuela-Frank,1116,06653,GB,1850,C,A,P,0
101050,9120,1178,77329,1011,Mums Kitchen,5813,10001,GB,628,D,C,N,1
516768,9110,1142,90582,511,Li LLC,4904,04728,GB,1733,B,A,P,0
851427,9136,1085,60869,88,"Cooper, Cunningham and Harrison",7667,53558,GB,1341,A,C,N,0
573970,9192,1026,38501,379,Black Ltd,9929,33126,GB,2497,C,B,M,0
256094,9178,1108,95688,920,Torres Group,2062,18259,GB,2193,B,D,N,0
265621,9178,1155,51971,432,Jimenez-Wilson,4406,65194,GB,1186,A,A,N,0
839740,9190,1111,97618,712,Simpson-Foster,1866,90138,GB,1058,C,B,M,0
363603,9020,1033,09314,882,Brown-Bradshaw,9835,70448,GB,2046,B,D,P,0
453084,9120,1198,23364,568,"Jackson, Phillips and Scott",8081,26721,GB,2064,C,D,P,0
459793,9106,1177,31582,1011,Mums Kitchen,5813,10001,GB,2328,D,A,P,1
772119,9010,1120,33745,13,"Neal, Mcclure and Morales",9361,09759,GB,2497,B,C,M,0
441305,9158,1099,29792,677,Mitchell PLC,9655,45265,GB,849,A,C,M,0
276836,9002,1057,59291,389,Banks and Sons,2272,32886,GB,1172,B,A,N,0
580665,9039,1088,28278,1011,Mums Kitchen,5813,10001,GB,20,D,D,N,1
861976,9142,1097,44953,1011,Mums Kitchen,5813,10001,GB,1039,A,A,P,1
764226,9107,1194,04814,609,Mckee LLC,2853,47112,GB,2045,B,A,P,0
213156,9091,1071,60491,400,Walsh PLC,8427,38832,GB,1582,D,D,N,0
147442,9128,1021,40724,938,Ruiz-Carrillo,7552,81453,GB,1291,A,A,M,0
239976,9034,1199,35803,649,"Mckay, Barnes and Garrett",1749,65925,GB,516,C,B,N,0
679045,9126,1029,71456,71,Schmitt and Sons,2076,73827,GB,410,C,D,N,0
369955,9073,1043,79126,474,"Bennett, Russell and Bush",6915,74728,GB,569,D,A,M,0
287150,9166,1034,19614,112,"Obrien, Perez and Brown",6787,66849,GB,1770,B,D,M,0
653818,9107,1057,05017,59,Young LLC,7053,08453,GB,1792,D,D,N,0
176380,9060,1028,07020,75,"Rodriguez, Powers and Clements",5403,28743,GB,628,B,A,M,0
553888,9067,1147,15890,464,Johnson-Kelley,8935,63740,GB,1505,C,D,P,0
434133,9143,1069,08590,731,"Smith, Martin and Parsons",1955,42711,GB,2187,D,B,M,0
747198,9147,1011,84033,355,"Schroeder, Rush and Lee",6030,41504,GB,1766,D,A,P,0
127057,9163,1022,20329,839,Miller Inc,3003,36444,GB,1361,D,A,P,0
949889,9040,1062,12925,714,Collins Ltd,8396,14640,GB,1732,A,C,P,0
613536,9153,1062,29367,733,"Solis, Glover and Meyer",9118,34390,GB,1230,C,D,N,0
705440,9172,1008,79253,475,"Daniel, Taylor and Gonzalez",5446,79090,GB,497,A,D,P,0
523253,9000,1149,49423,796,Graves PLC,6225,14104,GB,905,C,B,P,0
120687,9061,1083,65102,900,"Moore, Roberts and Moore",8503,46026,GB,2312,B,B,N,0
506841,9056,1151,93209,1011,Mums Kitchen,5813,10001,GB,1933,A,B,M,1
880318,9167,1010,63182,963,"Hamilton, Ruiz and Davis",8384,11033,GB,1291,D,B,M,0
312711,9170,1158,99311,67,Chambers-Jones,6662,87280,GB,1409,B,D,M,0
753650,9013,1193,40259,558,Thomas-Elliott,9688,85380,GB,1872,B,C,P,0
844346,9000,1035,90026,296,Cole-Myers,7028,97788,GB,172,C,D,M,0
980942,9184,1135,14113,1011,Mums Kitchen,5813,10001,GB,757,D,D,P,1
133466,9007,1064,22370,868,Clayton Ltd,3525,12974,GB,2368,A,A,N,0
891585,9116,1196,39936,828,Cohen Inc,9900,62940,GB,2286,A,A,P,0
705536,9134,1014,59224,740,"Hanna, Robinson and Hardy",4369,73779,GB,1713,D,C,P,0
743712,9057,1037,55449,320,Miller-Frederick,5094,24359,GB,2137,C,B,P,0
823928,9183,1144,83418,738,Smith-Glover,9554,70702,GB,331,B,D,N,0
701313,9052,1116,89020,357,Reyes-Jones,4661,83788,GB,1954,D,D,N,0
408174,9016,1065,60629,1011,Mums Kitchen,5813,10001,GB,247,A,A,M,1
935024,9188,1132,05798,190,Flores Inc,6756,14019,GB,1099,C,D,M,0
835064,9167,1160,78710,698,"Griffith, Hernandez and Cain",6013,92915,GB,1706,D,C,P,0
952423,9056,1171,46945,1011,Mums Kitchen,5813,10001,GB,1124,D,D,N,1
267102,9191,1139,78849,200,"Huang, Pace and Horn",5906,14135,GB,429,D,D,N,0
228256,9140,1070,31026,545,Calhoun Ltd,5378,46946,GB,353,B,B,N,0
444801,9087,1169,61225,489,"Joseph, Walker and Watson",5696,06099,GB,2224,B,A,M,0
354893,9002,1154,54518,353,"Meza, Gonzales and Spencer",4905,50079,GB,1751,A,D,P,0
527566,9063,1039,59508,386,Murphy-Thomas,3589,76784,GB,1934,C,A,M,0
626265,9075,1056,33478,213,Randall-Price,1592,82357,GB,2419,D,D,M,0
302714,9010,1056,64243,981,Burnett-Herring,1351,77226,GB,1792,C,C,M,0
216695,9101,1158,88235,228,"Guerrero, Torres and Moreno",2095,70187,GB,94,C,C,P,0
775581,9052,1072,08343,398,Reed-Jenkins,7674,64972,GB,1173,A,A,M,0
812655,9035,1131,88698,825,Frederick-Rose,7790,52161,GB,50,A,B,M,0
184080,9058,1138,19135,104,Dalton-Ortega,9360,99504,GB,14,D,D,P,0
238872,9161,1095,64302,3,Smith Inc,6322,81046,GB,1508,D,D,P,0
328818,9067,1090,19472,368,Bailey-Vargas,3715,66029,GB,804,C,B,M,0
785609,9081,1151,85905,962,Carter Inc,4974,95763,GB,74,A,D,N,0
312691,9136,1186,21290,169,"Randall, Bailey and Miles",5853,43132,GB,2322,C,C,M,0
273553,9037,1070,55489,960,"Ramos, Brown and Rivera",5445,74335,GB,315,D,A,N,0
538200,9199,1112,01281,711,Wilson-Campbell,6414,33536,GB,2087,D,C,M,0
451548,9160,1046,37808,577,Gilbert-Clark,3480,82330,GB,34,C,D,N,0
861244,9004,1149,83052,1011,Mums Kitchen,5813,10001,GB,1143,D,C,N,1
713321,9183,1057,56938,436,"Curry, Vargas and Nguyen",6182,99491,GB,130,B,A,N,0
511082,9166,1089,21829,525,May-Shaw,4606,34750,GB,747,C,B,P,0
254678,9011,1174,65091,438,"Robinson, Nielsen and May",7144,29935,GB,515,B,D,P,0
728399,9011,1172,57966,380,Nelson and Sons,6769,35278,GB,2408,B,A,M,0
778431,9077,1011,28787,129,Gonzalez Ltd,8029,76564,GB,397,C,B,N,0
448954,9114,1115,39816,1011,Mums Kitchen,5813,10001,GB,1477,B,B,N,1
156650,9108,1099,17818,400,Lucas-Delacruz,2677,95446,GB,1419,D,D,P,0
350611,9152,1136,43346,760,"Williams, Gordon and Gutierrez",9595,07520,GB,167,C,A,M,0
603071,9113,1023,52307,628,Santiago PLC,4949,08749,GB,1026,B,A,P,0
730615,9012,1092,14999,18,Orr Ltd,2699,08409,GB,1846,A,C,P,0
885575,9049,1049,68251,281,"Wilkinson, Pacheco and Snyder",6681,31512,GB,747,B,A,M,0
774981,9184,1022,99210,375,Rodriguez and Sons,1895,46449,GB,1337,A,B,P,0
381871,9113,1021,37674,822,Smith-Anderson,3441,82291,GB,1612,B,D,M,0
448899,9120,1008,44225,155,Mcdonald-Le,7022,89855,GB,2437,A,D,P,0
667939,9096,1134,88641,992,Garcia and Sons,3223,74233,GB,2419,B,B,P,0
316280,9191,1032,10138,854,Pierce-Clark,7466,97929,GB,951,D,A,N,0
925222,9119,1178,05268,973,"Huff, Ross and Martin",5098,94421,GB,691,A,C,P,0
394930,9055,1134,54474,1011,Mums Kitchen,5813,10001,GB,1042,A,D,N,1
120192,9047,1054,81406,640,Davila and Sons,2098,13434,GB,2375,C,B,P,0
379440,9184,1075,14191,84,Allen-Jones,9117,85652,GB,1851,B,D,P,0
502902,9152,1180,25669,994,"Williams, Peterson and Taylor",5783,59090,GB,72,C,A,M,0
292789,9117,1131,24572,997,Henderson-Robinson,6553,89142,GB,1319,C,B,P,0
725445,9020,1008,96857,784,Gutierrez PLC,8589,80640,GB,880,D,B,N,0
262643,9149,1184,20308,470,Russell-Mckinney,4437,52620,GB,1593,A,B,N,0
620372,9145,1004,52915,273,Young PLC,3959,14587,GB,930,C,C,M,0
141900,9060,1136,94397,108,Smith LLC,6219,62968,GB,1929,D,A,P,0
416418,9089,1170,48130,1011,Mums Kitchen,5813,10001,GB,1572,B,D,M,1
961959,9009,1173,75035,617,Phillips and Sons,5510,45337,GB,1140,A,C,N,0
148751,9037,1136,29505,211,"Johnson, Hoffman and Hull",7762,27344,GB,2053,B,A,M,0
424037,9057,1045,21084,1011,Mums Kitchen,5813,10001,GB,1379,B,C,N,1
991242,9168,1012,50974,809,Roman and Sons,7699,91002,GB,367,A,C,P,0
200944,9100,1167,74296,663,"Lowery, Williams and Mayer",7718,87003,GB,1213,A,B,M,0
712359,9039,1059,80130,552,"Jones, Snyder and Adams",6513,18180,GB,1846,A,B,N,0
588596,9016,1022,08522,877,Glenn LLC,3874,34399,GB,462,C,D,M,0
651779,9137,1123,88845,480,Fisher and Sons,6897,47771,GB,2452,A,A,N,0
112098,9071,1043,90905,1011,Mums Kitchen,5813,10001,GB,2259,B,D,M,1
850695,9162,1200,88573,628,Bishop-Martinez,9851,28051,GB,2190,B,C,M,0
370438,9158,1113,47575,777,"Lewis, Phillips and Mccann",7649,67554,GB,1315,C,A,P,0
173951,9002,1091,43902,934,Ramos Ltd,7100,17985,GB,2487,C,C,M,0
607431,9059,1131,45894,514,Woods-Maxwell,7946,72980,GB,1381,C,D,N,0
174371,9099,1053,32012,663,"Banks, Ayers and Garcia",8456,98703,GB,1968,D,D,M,0
153931,9054,1047,92636,832,Malone-Esparza,3429,43662,GB,1805,B,D,N,0
660193,9049,1191,02282,641,Campbell-Rivera,3098,07060,GB,965,D,A,P,0
906044,9032,1147,59872,1011,Mums Kitchen,5813,10001,GB,496,B,C,M,1
347572,9187,1046,99899,473,Wilkinson Inc,1757,62578,GB,1832,A,D,P,0
155906,9073,1117,64438,920,"Lee, Murphy and Mcdaniel",5417,16110,GB,776,D,A,P,0
753182,9194,1047,62386,1011,Mums Kitchen,5813,10001,GB,503,C,B,P,1
235618,9054,1137,84289,996,Allen-Wolf,3790,30667,GB,645,C,D,N,0
975546,9025,1000,67392,755,"Carr, Liu and Hernandez",3671,40424,GB,948,D,D,M,0
971879,9100,1086,11797,860,Schmidt Inc,8493,68426,GB,239,A,A,P,0
921697,9024,1005,61120,899,Gilbert-Pace,3921,84465,GB,2338,B,D,P,0
270951,9137,1063,16293,121,"Clark, Sherman and Weiss",6635,29885,GB,261,C,C,M,0
610612,9158,1042,23836,1011,Mums Kitchen,5813,10001,GB,1022,B,B,M,1
845913,9106,1048,17788,95,Jordan PLC,2877,92781,GB,656,D,B,P,0
485294,9160,1078,27423,578,Baker-Oconnor,2424,82937,GB,1219,D,B,M,0
135960,9161,1172,66531,207,Lewis Ltd,1084,78092,GB,2008,D,B,M,0
843538,9139,1077,78826,131,"Flores, May and Marshall",9011,53879,GB,1921,C,D,N,0
286380,9200,1193,04027,369,Trujillo-Wilson,4110,18446,GB,232,A,B,M,0
886587,9034,1009,59801,1011,Mums Kitchen,5813,10001,GB,1010,A,D,P,1
243328,9152,1151,89401,501,"Wilson, Bennett and Schmidt",2674,25058,GB,2492,A,C,M,0
571746,9077,1105,52529,218,Hunter Ltd,9480,22117,GB,1207,C,B,N,0
921236,9005,1120,10496,1011,Mums Kitchen,5813,10001,GB,1716,D,C,P,1
584572,9003,1074,50078,1011,Mums Kitchen,5813,10001,GB,973,A,B,N,1
326646,9025,1027,45459,651,Hunt-Potter,7219,18526,GB,2191,C,B,M,0
652684,9156,1003,33596,473,Smith-Soto,4270,90164,GB,969,C,C,M,0
881916,9103,1096,05154,826,Le-Moreno,6846,86692,GB,546,A,D,M,0
581968,9005,1152,18680,438,"May, Long and Smith",8202,35314,GB,314,B,D,P,0
152232,9057,1185,58037,157,Davis Group,2965,50029,GB,778,B,C,N,0
425535,9109,1075,41818,510,Powell and Sons,7471,15429,GB,401,C,B,N,0
977688,9111,1046,31503,314,Graves-Brock,5003,99574,GB,31,A,D,N,0
274656,9116,1015,15927,1011,Mums Kitchen,5813,10001,GB,1645,C,C,N,1
453797,9152,1176,73378,113,Baker Group,6969,34858,GB,1862,C,B,N,0
776442,9182,1069,15124,525,Romero-Clark,9924,33390,GB,2035,A,C,N,0
434420,9183,1020,77646,265,Garcia-Larson,4050,17383,GB,189,C,B,P,0
732978,9118,1074,30926,179,Harrison-Turner,6039,11395,GB,551,B,C,M,0
353918,9079,1118,72488,921,Murphy-Greer,6313,26746,GB,2172,C,B,M,0
849157,9010,1032,57378,233,Gonzalez-Rodriguez,3430,06152,GB,2412,B,A,M,0
923993,9025,1164,72843,720,Nichols PLC,5727,85686,GB,1419,B,C,M,0
298560,9183,1175,23265,290,Long Group,5982,13866,GB,1272,B,D,N,0
145743,9079,1157,20633,147,Friedman LLC,3370,35919,GB,1479,C,A,N,0
743695,9149,1058,88879,484,"Bell, Sparks and Hill",3389,21832,GB,1400,D,D,M,0
535827,9068,1140,40920,129,Barnes-Freeman,8579,50595,GB,1546,A,B,P,0
212747,9076,1174,66754,890,Jackson-Barker,8058,28895,GB,640,A,C,P,0
301608,9026,1101,88406,676,Hanson PLC,3130,63244,GB,1977,D,B,N,0
505828,9103,1031,51442,1011,Mums Kitchen,5813,10001,GB,26,A,B,N,1
810107,9009,1064,21096,931,Reid-Robinson,6125,08195,GB,1644,B,D,P,0
495739,9073,1018,46006,458,Fry and Sons,3840,44683,GB,1896,D,D,N,0
333362,9122,1169,54316,984,Smith Inc,1823,69889,GB,1007,A,D,N,0
922088,9030,1031,77621,942,"Douglas, Huynh and Munoz",5905,22784,GB,1475,A,A,N,0
577548,9002,1136,37374,21,Williams Group,5806,04277,GB,629,A,D,M,0
291295,9192,1164,12741,605,"Bright, Smith and Reyes",9933,95442,GB,929,A,A,P,0
624307,9077,1096,35507,92,Gomez and Sons,2490,67689,GB,485,D,D,M,0
326854,9169,1162,88864,1011,Mums Kitchen,5813,10001,GB,806,B,C,P,1
319036,9072,1153,64943,122,Lopez Ltd,1086,95457,GB,2020,B,A,N,0
973059,9098,1187,21625,531,Smith-Huber,7149,28140,GB,444,A,D,P,0
194396,9033,1004,86022,263,"Lee, Ford and Everett",9319,30261,GB,1983,B,D,N,0
891699,9171,1055,71496,467,Foley-Butler,8392,58456,GB,1947,D,C,N,0
630719,9012,1148,05064,994,"Taylor, Walsh and Rodriguez",5603,50997,GB,1046,B,C,M,0
162677,9004,1165,05341,146,"Lindsey, Phelps and Burton",2490,93009,GB,153,C,B,M,0
378890,9107,1124,50937,795,"Herring, Ryan and Hudson",5269,00629,GB,1494,D,B,M,0
174353,9152,1123,35925,527,Daniels-Woodard,2761,31873,GB,847,A,C,N,0
878212,9039,1176,76140,101,"Carter, Conrad and Horne",4415,95097,GB,925,D,B,M,0
700863,9060,1001,37824,960,Mejia-Nguyen,2052,20776,GB,283,B,A,P,0
892246,9086,1166,32407,467,"Sandoval, Farmer and Mcfarland",1689,55415,GB,280,B,D,N,0
126264,9154,1103,91620,876,Martin-Mendoza,2398,09065,GB,1589,B,D,P,0
187395,9026,1147,37288,925,Perry-Ramos,1692,03001,GB,611,D,B,P,0
977743,9090,1124,60835,594,"Bennett, Marsh and Franklin",1731,98345,GB,889,C,D,N,0
630893,9002,1078,04254,900,"White, Horton and Hall",6958,02851,GB,2246,B,A,P,0
643272,9040,1133,14208,560,"Butler, Pope and Greer",9720,74198,GB,1241,A,B,M,0
332235,9192,1087,58464,990,Calderon-Blankenship,6625,12817,GB,316,B,D,N,0
568019,9164,1048,50193,503,"Terry, Stafford and Mercer",7911,86583,GB,2047,C,B,M,0
554032,9030,1139,30319,724,"Castillo, Davis and Davis",1163,88070,GB,1455,A,D,M,0
205755,9033,1154,49680,330,Rodriguez-Harmon,8901,35790,GB,1170,B,B,N,0
853332,9143,1140,65475,267,Nelson Group,3080,72898,GB,323,A,D,M,0
432462,9032,1044,87192,763,Knox and Sons,7471,12080,GB,943,A,B,P,0
100402,9188,1118,52236,68,Brennan LLC,8311,32138,GB,1428,A,A,P,0
598171,9023,1121,22114,518,"Mills, Peterson and Scott",8881,38993,GB,1701,D,B,M,0
403668,9092,1186,36183,638,"Harvey, Gonzales and Ward",6209,53388,GB,942,C,C,P,0
249224,9010,1007,20998,727,"Daniels, Burke and Wolf",5752,88348,GB,288,B,C,P,0
177847,9136,1028,12238,446,"Garcia, Neal and Woods",4258,47624,GB,1129,D,D,M,0
222375,9004,1137,86498,184,Peterson LLC,2259,05096,GB,1853,B,A,P,0
601170,9048,1010,75964,745,Brown Group,5963,27853,GB,1818,D,D,M,0
909787,9135,1036,19552,1011,Mums Kitchen,5813,10001,GB,38,B,D,N,1
757820,9030,1125,69685,202,Bailey-Morrison,2619,58331,GB,1761,A,D,P,0
433396,9188,1159,36963,420,Hahn LLC,8583,09749,GB,1714,D,B,M,0
591655,9158,1160,90529,919,Miller-Roach,5123,47287,GB,2418,A,C,N,0
696008,9114,1150,43825,21,"Jones, Miranda and Williams",3813,33220,GB,1609,B,B,M,0
882034,9175,1161,35676,198,Jackson-Davis,2956,81445,GB,1343,D,B,N,0
743808,9073,1071,14201,7,Flowers Group,1579,89356,GB,296,D,A,N,0
786601,9070,1170,94815,79,"Bonilla, Hall and Wise",2897,34230,GB,171,B,C,N,0
497663,9181,1176,26528,783,Ayers-Salazar,4880,82810,GB,708,A,B,N,0
127190,9151,1129,57807,962,"Mcdaniel, Small and Reyes",5422,85786,GB,1209,A,A,P,0
823685,9007,1185,75638,673,"Collins, Nash and Mays",9969,02868,GB,1950,D,D,P,0
206193,9025,1002,31851,570,Callahan-Miles,4383,61144,GB,709,D,B,P,0
271137,9134,1175,26934,886,Wang-Boyle,4058,60799,GB,875,D,D,N,0
110585,9158,1043,16326,998,Bauer Inc,1986,80100,GB,1435,A,C,M,0
469798,9122,1158,30536,995,"Fox, Berger and Thomas",8512,34453,GB,1174,A,C,N,0
844044,9107,1056,45269,296,Harris Group,8171,83731,GB,774,B,A,P,0
792226,9153,1134,02186,406,Gomez PLC,1654,08962,GB,919,A,D,P,0
268770,9158,1135,77273,535,Allen-Moore,5287,41390,GB,18,C,C,P,0
364305,9007,1175,63609,90,"Rivera, Mitchell and Jones",9030,77973,GB,1683,A,B,P,0
846926,9093,1174,71727,644,Morris Inc,6510,97731,GB,2383,A,B,P,0
412679,9007,1031,64112,1011,Mums Kitchen,5813,10001,GB,2016,C,D,N,1
745784,9189,1163,50189,883,Brown Group,3378,27313,GB,1683,A,A,N,0
419483,9037,1088,81129,740,Hurley Group,5619,27437,GB,1883,B,A,M,0
222464,9121,1044,59486,214,Williams Inc,5664,15017,GB,2437,C,D,P,0
579694,9114,1139,17817,630,Fry and Sons,1046,83237,GB,265,D,B,P,0
149533,9160,1034,11472,1011,Mums Kitchen,5813,10001,GB,2152,B,C,N,1
484552,9026,1189,41655,562,Fitzgerald and Sons,3458,69147,GB,987,C,B,N,0
538880,9192,1129,04179,512,"Shepherd, Austin and Morgan",4771,97557,GB,2161,D,A,M,0
511230,9028,1014,39912,281,Greene-Elliott,9573,45248,GB,2449,A,D,M,0
794278,9187,1001,80157,639,Galvan PLC,6105,70353,GB,553,C,C,P,0
582491,9099,1131,50247,750,"Fisher, Lloyd and Hanna",3517,29251,GB,2395,A,D,M,0
276683,9143,1043,56142,1011,Mums Kitchen,5813,10001,GB,937,A,B,M,1
816370,9155,1074,91111,932,English Ltd,3698,76301,GB,870,C,B,M,0
524292,9122,1139,84095,855,"Baker, Webb and Rose",8857,24380,GB,2310,A,B,N,0
550393,9115,1146,14158,1011,Mums Kitchen,5813,10001,GB,2,C,A,M,1
856699,9066,1184,17770,380,"Weaver, Harris and Werner",8506,89701,GB,1996,B,B,N,0
633935,9065,1015,02256,646,Glenn-Rodriguez,5621,37100,GB,2101,B,D,N,0
394304,9062,1127,86079,382,"Thomas, Salazar and Sparks",6025,26783,GB,1770,C,B,N,0
843303,9119,1021,36848,575,Foley-Martinez,3777,77103,GB,2447,C,B,P,0
912827,9132,1184,02664,625,Richardson and Sons,6328,35718,GB,2084,D,D,P,0
595824,9162,1146,55796,382,Harris LLC,3933,41692,GB,696,A,A,P,0
138976,9005,1168,85537,708,Mack-Carroll,6660,20931,GB,2358,A,C,N,0
739046,9017,1055,78929,475,"Collins, Perez and Farrell",5536,91248,GB,933,B,D,P,0
579889,9196,1069,75070,1011,Mums Kitchen,5813,10001,GB,1943,A,B,P,1
404994,9018,1151,99243,163,"Sullivan, Lewis and Thompson",9034,95797,GB,1944,B,A,N,0
441823,9005,1072,57444,560,Jones-Ramirez,9819,92736,GB,1451,A,A,M,0
508301,9160,1146,76754,320,Foster LLC,8020,81252,GB,431,D,D,M,0
171712,9196,1156,60409,7,"Murphy, King and Webster",7780,88637,GB,256,C,A,N,0
421615,9125,1102,98665,162,Matthews-Bean,1250,41541,GB,2237,A,A,P,0
709463,9172,1028,69569,584,Roach-Smith,9707,47396,GB,61,B,C,M,0
867107,9009,1108,41218,174,Cox Group,6575,20367,GB,2406,A,D,P,0
246181,9179,1070,55844,483,Gonzales-Hardy,3294,91034,GB,80,A,C,M,0
773656,9169,1111,86148,78,Henry-Harrell,1307,62046,GB,1068,B,D,M,0
774122,9161,1136,23135,220,"Spears, Nelson and Montes",3448,05693,GB,1764,A,B,P,0
391125,9130,1012,38509,988,"Jensen, Lane and Miller",9330,02678,GB,2379,B,B,N,0
986707,9061,1062,01226,129,"Wiggins, Bartlett and Allen",9156,37098,GB,1183,B,B,M,0
397611,9122,1099,99413,208,Hall Inc,4923,76033,GB,612,C,C,N,0
983055,9138,1126,66266,1011,Mums Kitchen,5813,10001,GB,1826,A,D,P,1
223405,9079,1108,06856,44,Luna-Heath,8232,51139,GB,2241,D,A,P,0
501940,9062,1138,14136,678,Lewis-Adams,7495,68967,GB,574,D,D,N,0
364611,9013,1144,64907,35,Galvan-May,1709,12086,GB,2132,C,C,P,0
228559,9110,1107,81835,314,Gay Group,4684,69389,GB,484,A,D,N,0
376483,9192,1001,26508,166,"Estrada, Smith and Moore",6556,32125,GB,1744,C,A,N,0
628536,9100,1107,46844,255,Mcmillan Ltd,3980,12687,GB,28,C,B,N,0
305536,9017,1104,43648,968,Jones-Nichols,8089,20731,GB,1236,A,A,N,0
867984,9088,1045,31795,234,Craig-Robinson,2465,52204,GB,1389,A,D,M,0
229624,9200,1130,43167,664,Walker Group,4702,65991,GB,1471,D,B,P,0
274042,9157,1026,85952,95,Porter-Cruz,8267,50711,GB,1761,D,A,N,0
814929,9084,1152,34501,334,Walker Inc,6633,65813,GB,840,D,A,P,0
534681,9040,1051,71943,531,"Jackson, Bird and Brown",6820,07935,GB,329,A,C,N,0
180238,9117,1062,48198,740,Ross-Reed,3762,68588,GB,1044,C,D,N,0
922854,9027,1026,44832,172,"Byrd, Morris and Wilson",4669,14996,GB,85,C,C,P,0
691151,9169,1181,59162,948,Warren-Huang,4685,41302,GB,2130,C,D,M,0
121488,9190,1109,45551,309,"Howard, Hawkins and Hernandez",6864,11690,GB,959,B,C,N,0
738494,9102,1093,52469,678,"Meyers, Eaton and Neal",9074,94268,GB,1451,C,C,N,0
455913,9134,1016,84633,387,Smith Ltd,1605,37484,GB,494,C,A,N,0
391747,9103,1123,42206,913,"Barrett, Greene and Powers",6323,13195,GB,1984,A,B,N,0
268160,9104,1135,49811,387,"Waters, Dillon and Bailey",9380,33182,GB,1120,D,B,M,0
414928,9080,1200,97414,1011,Mums Kitchen,5813,10001,GB,1058,B,A,P,1
386859,9085,1138,97457,929,Leon Group,6577,47627,GB,2499,C,D,N,0
461065,9010,1101,52936,908,Lamb-Lowery,7857,16116,GB,1995,C,C,P,0
541822,9110,1103,30673,585,Le-Cruz,9497,95573,GB,352,A,D,P,0
921658,9149,1128,67295,84,Simon Inc,8721,47703,GB,2094,D,A,M,0
974530,9162,1200,33788,544,Stokes Inc,1458,15989,GB,2377,D,D,M,0
951261,9007,1146,97893,831,"Burke, Adkins and Fisher",4188,99864,GB,2278,B,C,M,0
163305,9190,1072,48507,125,"Holmes, Thompson and Garcia",5845,95609,GB,1628,A,C,N,0
278648,9093,1161,10594,727,"Gray, Vega and Wallace",4566,69141,GB,1076,B,B,M,0
696667,9103,1166,32956,782,Jarvis-Walker,7763,56688,GB,2396,B,B,M,0
444994,9037,1127,42952,270,Sullivan Group,4299,78807,GB,891,D,B,M,0
690606,9091,1079,72987,1011,Mums Kitchen,5813,10001,GB,1364,B,C,N,1
650982,9187,1001,63581,476,Hernandez-Hernandez,7756,83600,GB,2177,A,A,P,0
466544,9199,1021,62956,643,Maldonado-Beard,4975,11906,GB,786,C,D,N,0
175022,9097,1039,88762,190,Chang Inc,1825,83323,GB,1568,A,A,P,0
239213,9054,1158,93134,931,"Wilkins, Dawson and Brown",6331,04705,GB,2419,B,B,N,0
874083,9130,1037,20254,564,Estrada-Turner,2212,78360,GB,1749,D,A,P,0
161466,9074,1107,26885,1011,Mums Kitchen,5813,10001,GB,2242,D,D,N,1
588349,9174,1038,23827,603,Cabrera-Macias,7127,42194,GB,964,D,B,P,0
217154,9183,1198,59301,15,Thomas-Hardy,1254,94741,GB,1346,D,C,P,0
819396,9112,1090,29021,108,Chandler-Patel,9915,66935,GB,2463,C,B,N,0
894315,9154,1164,95292,104,"Wagner, Rhodes and Haynes",9443,40020,GB,1285,A,C,M,0
252776,9040,1069,48406,337,Leon LLC,2184,89445,GB,1202,B,A,M,0
803348,9137,1024,61199,1011,Mums Kitchen,5813,10001,GB,1672,D,C,P,1
235173,9142,1091,72116,62,Simmons-Johnson,8114,73852,GB,1653,C,D,N,0
837393,9164,1155,86909,821,Ellis and Sons,3755,75297,GB,1874,B,D,M,0
655490,9088,1094,66913,787,Rivera-Bryan,9919,04808,GB,1621,A,B,N,0
488927,9117,1159,16054,236,Knapp Group,1161,83917,GB,1728,B,D,N,0
670120,9045,1101,48812,480,"Leonard, Jones and Bowen",6533,01464,GB,54,C,A,N,0
304043,9123,1086,91000,307,"Robinson, Le and White",8950,28000,GB,605,B,C,M,0
247802,9098,1161,42006,453,Elliott Group,3079,57269,GB,2195,D,C,M,0
952421,9082,1021,21610,65,Leonard and Sons,5754,80492,GB,1076,A,C,N,0
857483,9170,1159,43845,186,"Murray, Holt and Hodge",9508,44479,GB,2033,B,B,M,0
377899,9036,1007,78817,1011,Mums Kitchen,5813,10001,GB,373,C,A,P,1
137691,9043,1133,98871,623,James LLC,3369,82036,GB,2037,B,B,M,0
408160,9009,1181,40519,702,Garcia-Sanders,3181,69412,GB,2065,A,A,P,0
493044,9042,1067,02117,620,Burnett and Sons,5252,12267,GB,891,C,C,M,0
486551,9118,1129,10706,1011,Mums Kitchen,5813,10001,GB,734,D,A,M,1
755800,9059,1033,77210,386,Adams Inc,4593,28350,GB,376,D,B,P,0
943584,9038,1092,44172,7,Fletcher-Smith,9115,10501,GB,761,B,D,N,0
215619,9044,1049,53837,157,Spears-Bonilla,5855,26432,GB,1424,A,C,P,0
409053,9132,1171,58651,381,"Jenkins, Thompson and Chavez",4881,30582,GB,1532,A,D,P,0
129349,9138,1039,27953,633,"Stewart, Solis and Richards",3379,32778,GB,451,A,A,N,0
556012,9110,1036,01154,170,Tapia LLC,1456,01510,GB,405,D,D,N,0
816877,9085,1060,48535,572,Hall-Henderson,9108,43163,GB,1064,C,C,P,0
497845,9159,1000,88025,818,Williams-Ware,3117,79949,GB,2336,B,D,N,0
886223,9020,1090,19882,536,Morris-Price,3592,40057,GB,1795,C,A,M,0
702801,9050,1097,46297,237,Green-Lindsey,2952,00923,GB,1764,D,B,M,0
320147,9008,1182,99620,427,Lozano PLC,5054,41214,GB,2467,C,B,P,0
151911,9130,1039,84651,345,James Ltd,4745,78892,GB,2234,C,C,P,0
216470,9167,1058,66260,748,Warren-Weeks,2183,25069,GB,938,B,B,M,0
269666,9104,1121,29303,1011,Mums Kitchen,5813,10001,GB,1836,B,A,P,1
579879,9149,1036,40623,319,Murphy Ltd,2025,89584,GB,116,C,C,N,0
675522,9016,1135,41308,43,"Robbins, Obrien and Frazier",3875,37198,GB,2417,D,B,P,0
102974,9029,1042,79467,124,Jordan Inc,1434,68012,GB,191,A,C,M,0
812759,9181,1085,86551,966,"Tate, Moore and Bailey",9835,14998,GB,680,A,D,M,0
107712,9022,1004,08679,171,Wagner Ltd,8680,02292,GB,524,B,A,N,0
162449,9183,1103,89852,88,Hendricks and Sons,5226,53313,GB,1488,D,C,M,0
818905,9012,1100,83803,267,Blackburn LLC,6711,68378,GB,1475,C,B,P,0
314155,9166,1125,18942,776,Ward-Jackson,8092,92898,GB,1651,C,D,N,0
203520,9175,1054,68567,9,Ramos-Taylor,5134,02399,GB,185,D,A,M,0
788378,9110,1095,85265,196,"Salas, Thompson and Morrison",4431,83052,GB,1487,C,B,P,0
548961,9011,1015,76624,657,Nelson PLC,1122,69890,GB,10,B,D,M,0
692672,9122,1092,10658,748,Boyd-Sullivan,1211,81713,GB,1150,C,D,M,0
643880,9149,1121,26136,728,Gonzalez and Sons,8177,93393,GB,1712,B,B,N,0
424661,9054,1137,51659,147,York Ltd,9007,02210,GB,1593,D,A,P,0
292747,9149,1136,50965,114,"Mack, Nguyen and Guerrero",4718,52097,GB,1521,B,A,M,0
780281,9131,1189,15184,196,Rodriguez Ltd,1489,59493,GB,894,A,B,P,0
307854,9029,1144,72950,868,Moreno-Carey,8420,41700,GB,2419,B,B,P,0
723294,9114,1062,13882,42,"Willis, Butler and Cunningham",1071,53620,GB,151,A,A,P,0
552613,9167,1151,82565,223,Hooper LLC,6469,22449,GB,1872,C,C,M,0
193787,9138,1087,91242,675,Sutton PLC,9024,38402,GB,1272,C,A,M,0
896610,9009,1175,66522,152,Mitchell-Lucas,8604,10863,GB,1794,C,C,P,0
759844,9161,1027,73010,475,Simpson Group,9396,16256,GB,1399,D,A,M,0
436363,9191,1077,53548,695,Bradley PLC,2947,27193,GB,1284,C,B,N,0
909483,9167,1149,38550,751,Pacheco-Williams,8958,82945,GB,760,D,C,M,0
192295,9101,1004,72786,21,Farrell-Peters,8874,61499,GB,702,D,B,P,0
354982,9094,1047,72007,82,Larson and Sons,2191,91386,GB,392,D,C,N,0
844483,9019,1145,41475,504,Warner-Chapman,9573,35096,GB,801,A,B,N,0
709602,9166,1124,17583,579,Robbins and Sons,2229,56105,GB,1255,B,D,N,0
492973,9085,1110,44822,687,Carrillo-Foster,7319,88776,GB,1015,A,A,P,0
313947,9119,1009,08664,112,Mendez Inc,2510,28355,GB,1715,D,A,P,0
394050,9176,1113,69512,784,Barnes PLC,4121,30729,GB,288,A,A,M,0
352372,9165,1130,00704,77,"Smith, Holder and Guzman",9670,27135,GB,1833,C,B,N,0
470081,9176,1110,83268,867,Gamble Inc,6671,63530,GB,2458,D,D,N,0
338455,9025,1120,67620,913,"Hopkins, Green and Schmitt",3305,98834,GB,1540,A,A,N,0
741916,9004,1026,07310,316,Smith-Rivera,2773,11956,GB,1060,D,C,N,0
196975,9194,1147,10453,894,Gardner Group,8886,66650,GB,1362,B,D,P,0
782727,9078,1187,96698,951,Pitts-Patel,2112,71130,GB,1285,D,A,M,0
690235,9007,1065,15728,1011,Mums Kitchen,5813,10001,GB,220,D,D,N,1
903702,9126,1040,45487,339,"Wagner, Sims and Finley",7544,97217,GB,914,B,A,M,0
121789,9196,1045,82494,43,"Mitchell, Bates and Salazar",6835,69681,GB,1763,C,B,P,0
291119,9153,1086,77572,865,Petersen-Scott,1010,34078,GB,1292,C,B,M,0
832931,9064,1059,99077,142,Brown Inc,8791,91631,GB,474,C,D,N,0
648162,9102,1032,05482,22,Guerrero LLC,4355,67794,GB,653,A,C,M,0
133516,9120,1146,25430,595,"Adams, Parker and Ho",2220,08834,GB,1529,A,A,N,0
886273,9090,1005,81160,712,Baxter-Joseph,9402,57425,GB,330,A,D,N,0
593164,9136,1077,92057,891,Flores Inc,1816,31630,GB,1963,B,A,P,0
909795,9040,1093,55796,733,Pollard and Sons,1983,40451,GB,1797,A,A,N,0
574521,9061,1048,45656,1011,Mums Kitchen,5813,10001,GB,1910,A,B,M,1
991975,9059,1166,86432,239,"Wells, Bailey and Rodriguez",9524,74760,GB,1638,C,D,P,0
763299,9086,1199,85224,852,Nelson LLC,9871,51388,GB,518,C,D,M,0
